--------------------------------------------------------
--  File created - среда-июня-17-2020   
--------------------------------------------------------
--------------------------------------------------------
--  DDL for Sequence SEQ_ACCOUNTS
--------------------------------------------------------

   CREATE SEQUENCE  "DB"."SEQ_ACCOUNTS"  MINVALUE 1 MAXVALUE 9999999999999999999999999999 INCREMENT BY 1 START WITH 61 CACHE 20 NOORDER  NOCYCLE  NOKEEP  NOSCALE  GLOBAL ;
--------------------------------------------------------
--  DDL for Sequence SEQ_COLLECTORS
--------------------------------------------------------

   CREATE SEQUENCE  "DB"."SEQ_COLLECTORS"  MINVALUE 1 MAXVALUE 9999999999999999999999999999 INCREMENT BY 1 START WITH 21 CACHE 20 NOORDER  NOCYCLE  NOKEEP  NOSCALE  GLOBAL ;
--------------------------------------------------------
--  DDL for Sequence SEQ_ENGINEERS
--------------------------------------------------------

   CREATE SEQUENCE  "DB"."SEQ_ENGINEERS"  MINVALUE 1 MAXVALUE 9999999999999999999999999999 INCREMENT BY 1 START WITH 21 CACHE 20 NOORDER  NOCYCLE  NOKEEP  NOSCALE  GLOBAL ;
--------------------------------------------------------
--  DDL for Sequence SEQ_EXPERIMENTS
--------------------------------------------------------

   CREATE SEQUENCE  "DB"."SEQ_EXPERIMENTS"  MINVALUE 1 MAXVALUE 9999999999999999999999999999 INCREMENT BY 1 START WITH 41 CACHE 20 NOORDER  NOCYCLE  NOKEEP  NOSCALE  GLOBAL ;
--------------------------------------------------------
--  DDL for Sequence SEQ_EXP_TOOLS
--------------------------------------------------------

   CREATE SEQUENCE  "DB"."SEQ_EXP_TOOLS"  MINVALUE 1 MAXVALUE 9999999999999999999999999999 INCREMENT BY 1 START WITH 41 CACHE 20 NOORDER  NOCYCLE  NOKEEP  NOSCALE  GLOBAL ;
--------------------------------------------------------
--  DDL for Sequence SEQ_FITTERS
--------------------------------------------------------

   CREATE SEQUENCE  "DB"."SEQ_FITTERS"  MINVALUE 1 MAXVALUE 9999999999999999999999999999 INCREMENT BY 1 START WITH 21 CACHE 20 NOORDER  NOCYCLE  NOKEEP  NOSCALE  GLOBAL ;
--------------------------------------------------------
--  DDL for Sequence SEQ_GLIDERS
--------------------------------------------------------

   CREATE SEQUENCE  "DB"."SEQ_GLIDERS"  MINVALUE 1 MAXVALUE 9999999999999999999999999999 INCREMENT BY 1 START WITH 21 CACHE 20 NOORDER  NOCYCLE  NOKEEP  NOSCALE  GLOBAL ;
--------------------------------------------------------
--  DDL for Sequence SEQ_HANG_GLIDERS
--------------------------------------------------------

   CREATE SEQUENCE  "DB"."SEQ_HANG_GLIDERS"  MINVALUE 1 MAXVALUE 9999999999999999999999999999 INCREMENT BY 1 START WITH 61 CACHE 20 NOORDER  NOCYCLE  NOKEEP  NOSCALE  GLOBAL ;
--------------------------------------------------------
--  DDL for Sequence SEQ_HELICOPTERS
--------------------------------------------------------

   CREATE SEQUENCE  "DB"."SEQ_HELICOPTERS"  MINVALUE 1 MAXVALUE 9999999999999999999999999999 INCREMENT BY 1 START WITH 61 CACHE 20 NOORDER  NOCYCLE  NOKEEP  NOSCALE  GLOBAL ;
--------------------------------------------------------
--  DDL for Sequence SEQ_INVESTIGATORS
--------------------------------------------------------

   CREATE SEQUENCE  "DB"."SEQ_INVESTIGATORS"  MINVALUE 1 MAXVALUE 9999999999999999999999999999 INCREMENT BY 1 START WITH 61 CACHE 20 NOORDER  NOCYCLE  NOKEEP  NOSCALE  GLOBAL ;
--------------------------------------------------------
--  DDL for Sequence SEQ_JOBS
--------------------------------------------------------

   CREATE SEQUENCE  "DB"."SEQ_JOBS"  MINVALUE 1 MAXVALUE 9999999999999999999999999999 INCREMENT BY 1 START WITH 48 CACHE 20 NOORDER  NOCYCLE  NOKEEP  NOSCALE  GLOBAL ;
--------------------------------------------------------
--  DDL for Sequence SEQ_LABORATORIES
--------------------------------------------------------

   CREATE SEQUENCE  "DB"."SEQ_LABORATORIES"  MINVALUE 1 MAXVALUE 9999999999999999999999999999 INCREMENT BY 1 START WITH 41 CACHE 20 NOORDER  NOCYCLE  NOKEEP  NOSCALE  GLOBAL ;
--------------------------------------------------------
--  DDL for Sequence SEQ_LAB_SUP_WS
--------------------------------------------------------

   CREATE SEQUENCE  "DB"."SEQ_LAB_SUP_WS"  MINVALUE 1 MAXVALUE 9999999999999999999999999999 INCREMENT BY 1 START WITH 41 CACHE 20 NOORDER  NOCYCLE  NOKEEP  NOSCALE  GLOBAL ;
--------------------------------------------------------
--  DDL for Sequence SEQ_MASTERS
--------------------------------------------------------

   CREATE SEQUENCE  "DB"."SEQ_MASTERS"  MINVALUE 1 MAXVALUE 9999999999999999999999999999 INCREMENT BY 1 START WITH 21 CACHE 20 NOORDER  NOCYCLE  NOKEEP  NOSCALE  GLOBAL ;
--------------------------------------------------------
--  DDL for Sequence SEQ_OTHER_PRODS
--------------------------------------------------------

   CREATE SEQUENCE  "DB"."SEQ_OTHER_PRODS"  MINVALUE 1 MAXVALUE 9999999999999999999999999999 INCREMENT BY 1 START WITH 41 CACHE 20 NOORDER  NOCYCLE  NOKEEP  NOSCALE  GLOBAL ;
--------------------------------------------------------
--  DDL for Sequence SEQ_OTHER_WORKERS
--------------------------------------------------------

   CREATE SEQUENCE  "DB"."SEQ_OTHER_WORKERS"  MINVALUE 1 MAXVALUE 9999999999999999999999999999 INCREMENT BY 1 START WITH 21 CACHE 20 NOORDER  NOCYCLE  NOKEEP  NOSCALE  GLOBAL ;
--------------------------------------------------------
--  DDL for Sequence SEQ_PLANES
--------------------------------------------------------

   CREATE SEQUENCE  "DB"."SEQ_PLANES"  MINVALUE 1 MAXVALUE 9999999999999999999999999999 INCREMENT BY 1 START WITH 21 CACHE 20 NOORDER  NOCYCLE  NOKEEP  NOSCALE  GLOBAL ;
--------------------------------------------------------
--  DDL for Sequence SEQ_PRODUCTS
--------------------------------------------------------

   CREATE SEQUENCE  "DB"."SEQ_PRODUCTS"  MINVALUE 1 MAXVALUE 9999999999999999999999999999 INCREMENT BY 1 START WITH 61 CACHE 20 NOORDER  NOCYCLE  NOKEEP  NOSCALE  GLOBAL ;
--------------------------------------------------------
--  DDL for Sequence SEQ_PRODUCTS_EXPS
--------------------------------------------------------

   CREATE SEQUENCE  "DB"."SEQ_PRODUCTS_EXPS"  MINVALUE 1 MAXVALUE 9999999999999999999999999999 INCREMENT BY 1 START WITH 21 CACHE 20 NOORDER  NOCYCLE  NOKEEP  NOSCALE  GLOBAL ;
--------------------------------------------------------
--  DDL for Sequence SEQ_PRODUCTS_JOBS
--------------------------------------------------------

   CREATE SEQUENCE  "DB"."SEQ_PRODUCTS_JOBS"  MINVALUE 1 MAXVALUE 9999999999999999999999999999 INCREMENT BY 1 START WITH 41 CACHE 20 NOORDER  NOCYCLE  NOKEEP  NOSCALE  GLOBAL ;
--------------------------------------------------------
--  DDL for Sequence SEQ_ROCKETS
--------------------------------------------------------

   CREATE SEQUENCE  "DB"."SEQ_ROCKETS"  MINVALUE 1 MAXVALUE 9999999999999999999999999999 INCREMENT BY 1 START WITH 41 CACHE 20 NOORDER  NOCYCLE  NOKEEP  NOSCALE  GLOBAL ;
--------------------------------------------------------
--  DDL for Sequence SEQ_SECTORS
--------------------------------------------------------

   CREATE SEQUENCE  "DB"."SEQ_SECTORS"  MINVALUE 1 MAXVALUE 9999999999999999999999999999 INCREMENT BY 1 START WITH 41 CACHE 20 NOORDER  NOCYCLE  NOKEEP  NOSCALE  GLOBAL ;
--------------------------------------------------------
--  DDL for Sequence SEQ_TEAMS
--------------------------------------------------------

   CREATE SEQUENCE  "DB"."SEQ_TEAMS"  MINVALUE 1 MAXVALUE 9999999999999999999999999999 INCREMENT BY 1 START WITH 41 CACHE 20 NOORDER  NOCYCLE  NOKEEP  NOSCALE  GLOBAL ;
--------------------------------------------------------
--  DDL for Sequence SEQ_TECHNICIANS
--------------------------------------------------------

   CREATE SEQUENCE  "DB"."SEQ_TECHNICIANS"  MINVALUE 1 MAXVALUE 9999999999999999999999999999 INCREMENT BY 1 START WITH 21 CACHE 20 NOORDER  NOCYCLE  NOKEEP  NOSCALE  GLOBAL ;
--------------------------------------------------------
--  DDL for Sequence SEQ_TECHNICS
--------------------------------------------------------

   CREATE SEQUENCE  "DB"."SEQ_TECHNICS"  MINVALUE 1 MAXVALUE 9999999999999999999999999999 INCREMENT BY 1 START WITH 21 CACHE 20 NOORDER  NOCYCLE  NOKEEP  NOSCALE  GLOBAL ;
--------------------------------------------------------
--  DDL for Sequence SEQ_TECHNOLOGISTS
--------------------------------------------------------

   CREATE SEQUENCE  "DB"."SEQ_TECHNOLOGISTS"  MINVALUE 1 MAXVALUE 9999999999999999999999999999 INCREMENT BY 1 START WITH 21 CACHE 20 NOORDER  NOCYCLE  NOKEEP  NOSCALE  GLOBAL ;
--------------------------------------------------------
--  DDL for Sequence SEQ_TOOLS
--------------------------------------------------------

   CREATE SEQUENCE  "DB"."SEQ_TOOLS"  MINVALUE 1 MAXVALUE 9999999999999999999999999999 INCREMENT BY 1 START WITH 41 CACHE 20 NOORDER  NOCYCLE  NOKEEP  NOSCALE  GLOBAL ;
--------------------------------------------------------
--  DDL for Sequence SEQ_TURNERS
--------------------------------------------------------

   CREATE SEQUENCE  "DB"."SEQ_TURNERS"  MINVALUE 1 MAXVALUE 9999999999999999999999999999 INCREMENT BY 1 START WITH 21 CACHE 20 NOORDER  NOCYCLE  NOKEEP  NOSCALE  GLOBAL ;
--------------------------------------------------------
--  DDL for Sequence SEQ_WELDERS
--------------------------------------------------------

   CREATE SEQUENCE  "DB"."SEQ_WELDERS"  MINVALUE 1 MAXVALUE 9999999999999999999999999999 INCREMENT BY 1 START WITH 21 CACHE 20 NOORDER  NOCYCLE  NOKEEP  NOSCALE  GLOBAL ;
--------------------------------------------------------
--  DDL for Sequence SEQ_WORKERS
--------------------------------------------------------

   CREATE SEQUENCE  "DB"."SEQ_WORKERS"  MINVALUE 1 MAXVALUE 9999999999999999999999999999 INCREMENT BY 1 START WITH 61 CACHE 20 NOORDER  NOCYCLE  NOKEEP  NOSCALE  GLOBAL ;
--------------------------------------------------------
--  DDL for Sequence SEQ_WORKSHOPS
--------------------------------------------------------

   CREATE SEQUENCE  "DB"."SEQ_WORKSHOPS"  MINVALUE 1 MAXVALUE 9999999999999999999999999999 INCREMENT BY 1 START WITH 41 CACHE 20 NOORDER  NOCYCLE  NOKEEP  NOSCALE  GLOBAL ;
--------------------------------------------------------
--  DDL for Table ACCOUNTS
--------------------------------------------------------

  CREATE TABLE "DB"."ACCOUNTS" 
   (	"ID" NUMBER(*,0), 
	"LOGIN" NVARCHAR2(20), 
	"PAS" NVARCHAR2(20), 
	"ROLE" NVARCHAR2(50)
   ) SEGMENT CREATION IMMEDIATE 
  PCTFREE 10 PCTUSED 40 INITRANS 1 MAXTRANS 255 
 NOCOMPRESS LOGGING
  STORAGE(INITIAL 65536 NEXT 1048576 MINEXTENTS 1 MAXEXTENTS 2147483645
  PCTINCREASE 0 FREELISTS 1 FREELIST GROUPS 1
  BUFFER_POOL DEFAULT FLASH_CACHE DEFAULT CELL_FLASH_CACHE DEFAULT)
  TABLESPACE "USERS" ;
--------------------------------------------------------
--  DDL for Table COLLECTORS
--------------------------------------------------------

  CREATE TABLE "DB"."COLLECTORS" 
   (	"ID" NUMBER(*,0), 
	"WORK_EXP" NUMBER(*,0), 
	"WORK_ID" NUMBER(*,0)
   ) SEGMENT CREATION IMMEDIATE 
  PCTFREE 10 PCTUSED 40 INITRANS 1 MAXTRANS 255 
 NOCOMPRESS LOGGING
  STORAGE(INITIAL 65536 NEXT 1048576 MINEXTENTS 1 MAXEXTENTS 2147483645
  PCTINCREASE 0 FREELISTS 1 FREELIST GROUPS 1
  BUFFER_POOL DEFAULT FLASH_CACHE DEFAULT CELL_FLASH_CACHE DEFAULT)
  TABLESPACE "USERS" ;
--------------------------------------------------------
--  DDL for Table ENGINEERS
--------------------------------------------------------

  CREATE TABLE "DB"."ENGINEERS" 
   (	"ID" NUMBER(*,0), 
	"SPECIALIZATION" NVARCHAR2(20), 
	"TECH_ID" NUMBER(*,0)
   ) SEGMENT CREATION IMMEDIATE 
  PCTFREE 10 PCTUSED 40 INITRANS 1 MAXTRANS 255 
 NOCOMPRESS LOGGING
  STORAGE(INITIAL 65536 NEXT 1048576 MINEXTENTS 1 MAXEXTENTS 2147483645
  PCTINCREASE 0 FREELISTS 1 FREELIST GROUPS 1
  BUFFER_POOL DEFAULT FLASH_CACHE DEFAULT CELL_FLASH_CACHE DEFAULT)
  TABLESPACE "USERS" ;
--------------------------------------------------------
--  DDL for Table EXPERIMENTS
--------------------------------------------------------

  CREATE TABLE "DB"."EXPERIMENTS" 
   (	"ID" NUMBER(*,0), 
	"NAME" NVARCHAR2(50)
   ) SEGMENT CREATION IMMEDIATE 
  PCTFREE 10 PCTUSED 40 INITRANS 1 MAXTRANS 255 
 NOCOMPRESS LOGGING
  STORAGE(INITIAL 65536 NEXT 1048576 MINEXTENTS 1 MAXEXTENTS 2147483645
  PCTINCREASE 0 FREELISTS 1 FREELIST GROUPS 1
  BUFFER_POOL DEFAULT FLASH_CACHE DEFAULT CELL_FLASH_CACHE DEFAULT)
  TABLESPACE "USERS" ;
--------------------------------------------------------
--  DDL for Table EXP_TOOLS
--------------------------------------------------------

  CREATE TABLE "DB"."EXP_TOOLS" 
   (	"ID" NUMBER(*,0), 
	"EXP_ID" NUMBER(*,0), 
	"TOOL_ID" NUMBER(*,0)
   ) SEGMENT CREATION IMMEDIATE 
  PCTFREE 10 PCTUSED 40 INITRANS 1 MAXTRANS 255 
 NOCOMPRESS LOGGING
  STORAGE(INITIAL 65536 NEXT 1048576 MINEXTENTS 1 MAXEXTENTS 2147483645
  PCTINCREASE 0 FREELISTS 1 FREELIST GROUPS 1
  BUFFER_POOL DEFAULT FLASH_CACHE DEFAULT CELL_FLASH_CACHE DEFAULT)
  TABLESPACE "USERS" ;
--------------------------------------------------------
--  DDL for Table FITTERS
--------------------------------------------------------

  CREATE TABLE "DB"."FITTERS" 
   (	"ID" NUMBER(*,0), 
	"CATEGORY" NUMBER(*,0), 
	"WORK_ID" NUMBER(*,0)
   ) SEGMENT CREATION IMMEDIATE 
  PCTFREE 10 PCTUSED 40 INITRANS 1 MAXTRANS 255 
 NOCOMPRESS LOGGING
  STORAGE(INITIAL 65536 NEXT 1048576 MINEXTENTS 1 MAXEXTENTS 2147483645
  PCTINCREASE 0 FREELISTS 1 FREELIST GROUPS 1
  BUFFER_POOL DEFAULT FLASH_CACHE DEFAULT CELL_FLASH_CACHE DEFAULT)
  TABLESPACE "USERS" ;
--------------------------------------------------------
--  DDL for Table GLIDERS
--------------------------------------------------------

  CREATE TABLE "DB"."GLIDERS" 
   (	"ID" NUMBER(*,0), 
	"WINGSPAN" FLOAT(126), 
	"NAME" NVARCHAR2(30), 
	"PROD_ID" NUMBER(*,0)
   ) SEGMENT CREATION IMMEDIATE 
  PCTFREE 10 PCTUSED 40 INITRANS 1 MAXTRANS 255 
 NOCOMPRESS LOGGING
  STORAGE(INITIAL 65536 NEXT 1048576 MINEXTENTS 1 MAXEXTENTS 2147483645
  PCTINCREASE 0 FREELISTS 1 FREELIST GROUPS 1
  BUFFER_POOL DEFAULT FLASH_CACHE DEFAULT CELL_FLASH_CACHE DEFAULT)
  TABLESPACE "USERS" ;
--------------------------------------------------------
--  DDL for Table HANG_GLIDERS
--------------------------------------------------------

  CREATE TABLE "DB"."HANG_GLIDERS" 
   (	"ID" NUMBER(*,0), 
	"AERO_QUAL" NUMBER(*,0), 
	"NAME" NVARCHAR2(30), 
	"PROD_ID" NUMBER(*,0)
   ) SEGMENT CREATION IMMEDIATE 
  PCTFREE 10 PCTUSED 40 INITRANS 1 MAXTRANS 255 
 NOCOMPRESS LOGGING
  STORAGE(INITIAL 65536 NEXT 1048576 MINEXTENTS 1 MAXEXTENTS 2147483645
  PCTINCREASE 0 FREELISTS 1 FREELIST GROUPS 1
  BUFFER_POOL DEFAULT FLASH_CACHE DEFAULT CELL_FLASH_CACHE DEFAULT)
  TABLESPACE "USERS" ;
--------------------------------------------------------
--  DDL for Table HELICOPTERS
--------------------------------------------------------

  CREATE TABLE "DB"."HELICOPTERS" 
   (	"ID" NUMBER(*,0), 
	"SPEED" NUMBER(*,0), 
	"NAME" NVARCHAR2(30), 
	"PROD_ID" NUMBER(*,0)
   ) SEGMENT CREATION IMMEDIATE 
  PCTFREE 10 PCTUSED 40 INITRANS 1 MAXTRANS 255 
 NOCOMPRESS LOGGING
  STORAGE(INITIAL 65536 NEXT 1048576 MINEXTENTS 1 MAXEXTENTS 2147483645
  PCTINCREASE 0 FREELISTS 1 FREELIST GROUPS 1
  BUFFER_POOL DEFAULT FLASH_CACHE DEFAULT CELL_FLASH_CACHE DEFAULT)
  TABLESPACE "USERS" ;
--------------------------------------------------------
--  DDL for Table INVESTIGATORS
--------------------------------------------------------

  CREATE TABLE "DB"."INVESTIGATORS" 
   (	"ID" NUMBER(*,0), 
	"FIRST_NAME" NVARCHAR2(20), 
	"LAST_NAME" NVARCHAR2(20), 
	"PATRONYMIC" NVARCHAR2(20), 
	"EXP_ID" NUMBER(*,0)
   ) SEGMENT CREATION IMMEDIATE 
  PCTFREE 10 PCTUSED 40 INITRANS 1 MAXTRANS 255 
 NOCOMPRESS LOGGING
  STORAGE(INITIAL 65536 NEXT 1048576 MINEXTENTS 1 MAXEXTENTS 2147483645
  PCTINCREASE 0 FREELISTS 1 FREELIST GROUPS 1
  BUFFER_POOL DEFAULT FLASH_CACHE DEFAULT CELL_FLASH_CACHE DEFAULT)
  TABLESPACE "USERS" ;
--------------------------------------------------------
--  DDL for Table JOBS
--------------------------------------------------------

  CREATE TABLE "DB"."JOBS" 
   (	"ID" NUMBER(*,0), 
	"NAME" NVARCHAR2(30), 
	"SEC_ID" NUMBER(*,0)
   ) SEGMENT CREATION IMMEDIATE 
  PCTFREE 10 PCTUSED 40 INITRANS 1 MAXTRANS 255 
 NOCOMPRESS LOGGING
  STORAGE(INITIAL 65536 NEXT 1048576 MINEXTENTS 1 MAXEXTENTS 2147483645
  PCTINCREASE 0 FREELISTS 1 FREELIST GROUPS 1
  BUFFER_POOL DEFAULT FLASH_CACHE DEFAULT CELL_FLASH_CACHE DEFAULT)
  TABLESPACE "USERS" ;
--------------------------------------------------------
--  DDL for Table LABORATORIES
--------------------------------------------------------

  CREATE TABLE "DB"."LABORATORIES" 
   (	"ID" NUMBER(*,0), 
	"NAME" NVARCHAR2(30)
   ) SEGMENT CREATION IMMEDIATE 
  PCTFREE 10 PCTUSED 40 INITRANS 1 MAXTRANS 255 
 NOCOMPRESS LOGGING
  STORAGE(INITIAL 65536 NEXT 1048576 MINEXTENTS 1 MAXEXTENTS 2147483645
  PCTINCREASE 0 FREELISTS 1 FREELIST GROUPS 1
  BUFFER_POOL DEFAULT FLASH_CACHE DEFAULT CELL_FLASH_CACHE DEFAULT)
  TABLESPACE "USERS" ;
--------------------------------------------------------
--  DDL for Table LAB_SUP_WS
--------------------------------------------------------

  CREATE TABLE "DB"."LAB_SUP_WS" 
   (	"ID" NUMBER(*,0), 
	"LAB_ID" NUMBER(*,0), 
	"WS_ID" NUMBER(*,0)
   ) SEGMENT CREATION IMMEDIATE 
  PCTFREE 10 PCTUSED 40 INITRANS 1 MAXTRANS 255 
 NOCOMPRESS LOGGING
  STORAGE(INITIAL 65536 NEXT 1048576 MINEXTENTS 1 MAXEXTENTS 2147483645
  PCTINCREASE 0 FREELISTS 1 FREELIST GROUPS 1
  BUFFER_POOL DEFAULT FLASH_CACHE DEFAULT CELL_FLASH_CACHE DEFAULT)
  TABLESPACE "USERS" ;
--------------------------------------------------------
--  DDL for Table MASTERS
--------------------------------------------------------

  CREATE TABLE "DB"."MASTERS" 
   (	"ID" NUMBER(*,0), 
	"TECH_ID" NUMBER(*,0), 
	"SEC_ID" NUMBER(*,0)
   ) SEGMENT CREATION IMMEDIATE 
  PCTFREE 10 PCTUSED 40 INITRANS 1 MAXTRANS 255 
 NOCOMPRESS LOGGING
  STORAGE(INITIAL 65536 NEXT 1048576 MINEXTENTS 1 MAXEXTENTS 2147483645
  PCTINCREASE 0 FREELISTS 1 FREELIST GROUPS 1
  BUFFER_POOL DEFAULT FLASH_CACHE DEFAULT CELL_FLASH_CACHE DEFAULT)
  TABLESPACE "USERS" ;
--------------------------------------------------------
--  DDL for Table OTHER_PRODS
--------------------------------------------------------

  CREATE TABLE "DB"."OTHER_PRODS" 
   (	"ID" NUMBER(*,0), 
	"TYPE_PROD" NVARCHAR2(20), 
	"NAME" NVARCHAR2(30), 
	"PROD_ID" NUMBER(*,0)
   ) SEGMENT CREATION IMMEDIATE 
  PCTFREE 10 PCTUSED 40 INITRANS 1 MAXTRANS 255 
 NOCOMPRESS LOGGING
  STORAGE(INITIAL 65536 NEXT 1048576 MINEXTENTS 1 MAXEXTENTS 2147483645
  PCTINCREASE 0 FREELISTS 1 FREELIST GROUPS 1
  BUFFER_POOL DEFAULT FLASH_CACHE DEFAULT CELL_FLASH_CACHE DEFAULT)
  TABLESPACE "USERS" ;
--------------------------------------------------------
--  DDL for Table OTHER_WORKERS
--------------------------------------------------------

  CREATE TABLE "DB"."OTHER_WORKERS" 
   (	"ID" NUMBER(*,0), 
	"NAME_PROF" NVARCHAR2(20), 
	"WORK_ID" NUMBER(*,0)
   ) SEGMENT CREATION IMMEDIATE 
  PCTFREE 10 PCTUSED 40 INITRANS 1 MAXTRANS 255 
 NOCOMPRESS LOGGING
  STORAGE(INITIAL 65536 NEXT 1048576 MINEXTENTS 1 MAXEXTENTS 2147483645
  PCTINCREASE 0 FREELISTS 1 FREELIST GROUPS 1
  BUFFER_POOL DEFAULT FLASH_CACHE DEFAULT CELL_FLASH_CACHE DEFAULT)
  TABLESPACE "USERS" ;
--------------------------------------------------------
--  DDL for Table PLANES
--------------------------------------------------------

  CREATE TABLE "DB"."PLANES" 
   (	"ID" NUMBER(*,0), 
	"COUNT_ENGINES" NUMBER(*,0), 
	"NAME" NVARCHAR2(30), 
	"PROD_ID" NUMBER(*,0)
   ) SEGMENT CREATION IMMEDIATE 
  PCTFREE 10 PCTUSED 40 INITRANS 1 MAXTRANS 255 
 NOCOMPRESS LOGGING
  STORAGE(INITIAL 65536 NEXT 1048576 MINEXTENTS 1 MAXEXTENTS 2147483645
  PCTINCREASE 0 FREELISTS 1 FREELIST GROUPS 1
  BUFFER_POOL DEFAULT FLASH_CACHE DEFAULT CELL_FLASH_CACHE DEFAULT)
  TABLESPACE "USERS" ;
--------------------------------------------------------
--  DDL for Table PRODUCTS
--------------------------------------------------------

  CREATE TABLE "DB"."PRODUCTS" 
   (	"ID" NUMBER(*,0), 
	"WORKSHOP_ID" NUMBER(*,0)
   ) SEGMENT CREATION IMMEDIATE 
  PCTFREE 10 PCTUSED 40 INITRANS 1 MAXTRANS 255 
 NOCOMPRESS LOGGING
  STORAGE(INITIAL 65536 NEXT 1048576 MINEXTENTS 1 MAXEXTENTS 2147483645
  PCTINCREASE 0 FREELISTS 1 FREELIST GROUPS 1
  BUFFER_POOL DEFAULT FLASH_CACHE DEFAULT CELL_FLASH_CACHE DEFAULT)
  TABLESPACE "USERS" ;
--------------------------------------------------------
--  DDL for Table PRODUCTS_EXPS
--------------------------------------------------------

  CREATE TABLE "DB"."PRODUCTS_EXPS" 
   (	"ID" NUMBER(*,0), 
	"EXP_ID" NUMBER(*,0), 
	"ORDER_NUM" NUMBER(*,0), 
	"PROD_ID" NUMBER(*,0), 
	"TIME_BEGIN" DATE, 
	"TIME_END" DATE
   ) SEGMENT CREATION IMMEDIATE 
  PCTFREE 10 PCTUSED 40 INITRANS 1 MAXTRANS 255 
 NOCOMPRESS LOGGING
  STORAGE(INITIAL 65536 NEXT 1048576 MINEXTENTS 1 MAXEXTENTS 2147483645
  PCTINCREASE 0 FREELISTS 1 FREELIST GROUPS 1
  BUFFER_POOL DEFAULT FLASH_CACHE DEFAULT CELL_FLASH_CACHE DEFAULT)
  TABLESPACE "USERS" ;
--------------------------------------------------------
--  DDL for Table PRODUCTS_JOBS
--------------------------------------------------------

  CREATE TABLE "DB"."PRODUCTS_JOBS" 
   (	"ID" NUMBER(*,0), 
	"JOB_ID" NUMBER(*,0), 
	"ORDER_NUM" NUMBER(*,0), 
	"PROD_ID" NUMBER(*,0), 
	"TIME_BEGIN" DATE, 
	"TIME_END" DATE, 
	"TEAM_ID" NUMBER(*,0)
   ) SEGMENT CREATION IMMEDIATE 
  PCTFREE 10 PCTUSED 40 INITRANS 1 MAXTRANS 255 
 NOCOMPRESS LOGGING
  STORAGE(INITIAL 65536 NEXT 1048576 MINEXTENTS 1 MAXEXTENTS 2147483645
  PCTINCREASE 0 FREELISTS 1 FREELIST GROUPS 1
  BUFFER_POOL DEFAULT FLASH_CACHE DEFAULT CELL_FLASH_CACHE DEFAULT)
  TABLESPACE "USERS" ;
--------------------------------------------------------
--  DDL for Table ROCKETS
--------------------------------------------------------

  CREATE TABLE "DB"."ROCKETS" 
   (	"ID" NUMBER(*,0), 
	"POWER" NUMBER(*,0), 
	"NAME" NVARCHAR2(30), 
	"PROD_ID" NUMBER(*,0)
   ) SEGMENT CREATION IMMEDIATE 
  PCTFREE 10 PCTUSED 40 INITRANS 1 MAXTRANS 255 
 NOCOMPRESS LOGGING
  STORAGE(INITIAL 65536 NEXT 1048576 MINEXTENTS 1 MAXEXTENTS 2147483645
  PCTINCREASE 0 FREELISTS 1 FREELIST GROUPS 1
  BUFFER_POOL DEFAULT FLASH_CACHE DEFAULT CELL_FLASH_CACHE DEFAULT)
  TABLESPACE "USERS" ;
--------------------------------------------------------
--  DDL for Table SECTORS
--------------------------------------------------------

  CREATE TABLE "DB"."SECTORS" 
   (	"ID" NUMBER(*,0), 
	"NAME" NVARCHAR2(20), 
	"TECH_ID" NUMBER(*,0), 
	"WORKSHOP_ID" NUMBER(*,0)
   ) SEGMENT CREATION IMMEDIATE 
  PCTFREE 10 PCTUSED 40 INITRANS 1 MAXTRANS 255 
 NOCOMPRESS LOGGING
  STORAGE(INITIAL 65536 NEXT 1048576 MINEXTENTS 1 MAXEXTENTS 2147483645
  PCTINCREASE 0 FREELISTS 1 FREELIST GROUPS 1
  BUFFER_POOL DEFAULT FLASH_CACHE DEFAULT CELL_FLASH_CACHE DEFAULT)
  TABLESPACE "USERS" ;
--------------------------------------------------------
--  DDL for Table TEAMS
--------------------------------------------------------

  CREATE TABLE "DB"."TEAMS" 
   (	"ID" NUMBER(*,0), 
	"NAME" NVARCHAR2(20), 
	"LEAD_ID" NUMBER(*,0)
   ) SEGMENT CREATION IMMEDIATE 
  PCTFREE 10 PCTUSED 40 INITRANS 1 MAXTRANS 255 
 NOCOMPRESS LOGGING
  STORAGE(INITIAL 65536 NEXT 1048576 MINEXTENTS 1 MAXEXTENTS 2147483645
  PCTINCREASE 0 FREELISTS 1 FREELIST GROUPS 1
  BUFFER_POOL DEFAULT FLASH_CACHE DEFAULT CELL_FLASH_CACHE DEFAULT)
  TABLESPACE "USERS" ;
--------------------------------------------------------
--  DDL for Table TECHNICIANS
--------------------------------------------------------

  CREATE TABLE "DB"."TECHNICIANS" 
   (	"ID" NUMBER(*,0), 
	"CATEGORY" NVARCHAR2(20), 
	"TECH_ID" NUMBER(*,0)
   ) SEGMENT CREATION IMMEDIATE 
  PCTFREE 10 PCTUSED 40 INITRANS 1 MAXTRANS 255 
 NOCOMPRESS LOGGING
  STORAGE(INITIAL 65536 NEXT 1048576 MINEXTENTS 1 MAXEXTENTS 2147483645
  PCTINCREASE 0 FREELISTS 1 FREELIST GROUPS 1
  BUFFER_POOL DEFAULT FLASH_CACHE DEFAULT CELL_FLASH_CACHE DEFAULT)
  TABLESPACE "USERS" ;
--------------------------------------------------------
--  DDL for Table TECHNICS
--------------------------------------------------------

  CREATE TABLE "DB"."TECHNICS" 
   (	"ID" NUMBER(*,0), 
	"FIRST_NAME" NVARCHAR2(20), 
	"LAST_NAME" NVARCHAR2(20), 
	"PATRONYMIC" NVARCHAR2(20)
   ) SEGMENT CREATION IMMEDIATE 
  PCTFREE 10 PCTUSED 40 INITRANS 1 MAXTRANS 255 
 NOCOMPRESS LOGGING
  STORAGE(INITIAL 65536 NEXT 1048576 MINEXTENTS 1 MAXEXTENTS 2147483645
  PCTINCREASE 0 FREELISTS 1 FREELIST GROUPS 1
  BUFFER_POOL DEFAULT FLASH_CACHE DEFAULT CELL_FLASH_CACHE DEFAULT)
  TABLESPACE "USERS" ;
--------------------------------------------------------
--  DDL for Table TECHNOLOGISTS
--------------------------------------------------------

  CREATE TABLE "DB"."TECHNOLOGISTS" 
   (	"ID" NUMBER(*,0), 
	"TECHNOLOGY_DEV" NVARCHAR2(40), 
	"TECH_ID" NUMBER(*,0)
   ) SEGMENT CREATION IMMEDIATE 
  PCTFREE 10 PCTUSED 40 INITRANS 1 MAXTRANS 255 
 NOCOMPRESS LOGGING
  STORAGE(INITIAL 65536 NEXT 1048576 MINEXTENTS 1 MAXEXTENTS 2147483645
  PCTINCREASE 0 FREELISTS 1 FREELIST GROUPS 1
  BUFFER_POOL DEFAULT FLASH_CACHE DEFAULT CELL_FLASH_CACHE DEFAULT)
  TABLESPACE "USERS" ;
--------------------------------------------------------
--  DDL for Table TOOLS
--------------------------------------------------------

  CREATE TABLE "DB"."TOOLS" 
   (	"ID" NUMBER(*,0), 
	"LAB_ID" NUMBER(*,0), 
	"NAME" NVARCHAR2(20)
   ) SEGMENT CREATION IMMEDIATE 
  PCTFREE 10 PCTUSED 40 INITRANS 1 MAXTRANS 255 
 NOCOMPRESS LOGGING
  STORAGE(INITIAL 65536 NEXT 1048576 MINEXTENTS 1 MAXEXTENTS 2147483645
  PCTINCREASE 0 FREELISTS 1 FREELIST GROUPS 1
  BUFFER_POOL DEFAULT FLASH_CACHE DEFAULT CELL_FLASH_CACHE DEFAULT)
  TABLESPACE "USERS" ;
--------------------------------------------------------
--  DDL for Table TURNERS
--------------------------------------------------------

  CREATE TABLE "DB"."TURNERS" 
   (	"ID" NUMBER(*,0), 
	"AMOUNT_FINGERS" NUMBER(*,0) DEFAULT 10, 
	"WORK_ID" NUMBER(*,0)
   ) SEGMENT CREATION IMMEDIATE 
  PCTFREE 10 PCTUSED 40 INITRANS 1 MAXTRANS 255 
 NOCOMPRESS LOGGING
  STORAGE(INITIAL 65536 NEXT 1048576 MINEXTENTS 1 MAXEXTENTS 2147483645
  PCTINCREASE 0 FREELISTS 1 FREELIST GROUPS 1
  BUFFER_POOL DEFAULT FLASH_CACHE DEFAULT CELL_FLASH_CACHE DEFAULT)
  TABLESPACE "USERS" ;
--------------------------------------------------------
--  DDL for Table WELDERS
--------------------------------------------------------

  CREATE TABLE "DB"."WELDERS" 
   (	"ID" NUMBER(*,0), 
	"SPECIALIZATION" NVARCHAR2(30), 
	"WORK_ID" NUMBER(*,0)
   ) SEGMENT CREATION IMMEDIATE 
  PCTFREE 10 PCTUSED 40 INITRANS 1 MAXTRANS 255 
 NOCOMPRESS LOGGING
  STORAGE(INITIAL 65536 NEXT 1048576 MINEXTENTS 1 MAXEXTENTS 2147483645
  PCTINCREASE 0 FREELISTS 1 FREELIST GROUPS 1
  BUFFER_POOL DEFAULT FLASH_CACHE DEFAULT CELL_FLASH_CACHE DEFAULT)
  TABLESPACE "USERS" ;
--------------------------------------------------------
--  DDL for Table WORKERS
--------------------------------------------------------

  CREATE TABLE "DB"."WORKERS" 
   (	"ID" NUMBER(*,0), 
	"FIRST_NAME" NVARCHAR2(20), 
	"LAST_NAME" NVARCHAR2(20), 
	"PATRONYMIC" NVARCHAR2(20), 
	"TEAM_ID" NUMBER(*,0)
   ) SEGMENT CREATION IMMEDIATE 
  PCTFREE 10 PCTUSED 40 INITRANS 1 MAXTRANS 255 
 NOCOMPRESS LOGGING
  STORAGE(INITIAL 65536 NEXT 1048576 MINEXTENTS 1 MAXEXTENTS 2147483645
  PCTINCREASE 0 FREELISTS 1 FREELIST GROUPS 1
  BUFFER_POOL DEFAULT FLASH_CACHE DEFAULT CELL_FLASH_CACHE DEFAULT)
  TABLESPACE "USERS" ;
--------------------------------------------------------
--  DDL for Table WORKSHOPS
--------------------------------------------------------

  CREATE TABLE "DB"."WORKSHOPS" 
   (	"ID" NUMBER(*,0), 
	"NAME" NVARCHAR2(20), 
	"TECH_ID" NUMBER(*,0)
   ) SEGMENT CREATION IMMEDIATE 
  PCTFREE 10 PCTUSED 40 INITRANS 1 MAXTRANS 255 
 NOCOMPRESS LOGGING
  STORAGE(INITIAL 65536 NEXT 1048576 MINEXTENTS 1 MAXEXTENTS 2147483645
  PCTINCREASE 0 FREELISTS 1 FREELIST GROUPS 1
  BUFFER_POOL DEFAULT FLASH_CACHE DEFAULT CELL_FLASH_CACHE DEFAULT)
  TABLESPACE "USERS" ;
REM INSERTING into DB.ACCOUNTS
SET DEFINE OFF;
Insert into DB.ACCOUNTS (ID,LOGIN,PAS,ROLE) values ('40','123','123','Директор');
Insert into DB.ACCOUNTS (ID,LOGIN,PAS,ROLE) values ('41','1234','1234','Директор по производству');
Insert into DB.ACCOUNTS (ID,LOGIN,PAS,ROLE) values ('42','12345','12345','Директор научного персонала');
Insert into DB.ACCOUNTS (ID,LOGIN,PAS,ROLE) values ('43','11','11','Директор технического персонала');
Insert into DB.ACCOUNTS (ID,LOGIN,PAS,ROLE) values ('44','111','111','Директор рабочего персонала');
Insert into DB.ACCOUNTS (ID,LOGIN,PAS,ROLE) values ('45','12','12','Ответственный за лабораторное оборудование');
commit;
REM INSERTING into DB.COLLECTORS
SET DEFINE OFF;
Insert into DB.COLLECTORS (ID,WORK_EXP,WORK_ID) values ('1','5','40');
commit;
REM INSERTING into DB.ENGINEERS
SET DEFINE OFF;
Insert into DB.ENGINEERS (ID,SPECIALIZATION,TECH_ID) values ('1','Ведущий инженер','1');
Insert into DB.ENGINEERS (ID,SPECIALIZATION,TECH_ID) values ('2','Инженер-программист','2');
commit;
REM INSERTING into DB.EXPERIMENTS
SET DEFINE OFF;
Insert into DB.EXPERIMENTS (ID,NAME) values ('22','Испытание тормозных способностей');
Insert into DB.EXPERIMENTS (ID,NAME) values ('23','Проверка воспламеняемости в Э.С.');
Insert into DB.EXPERIMENTS (ID,NAME) values ('21','Проверка при высокой турбулентности');
Insert into DB.EXPERIMENTS (ID,NAME) values ('25','Проверка управляемости');
Insert into DB.EXPERIMENTS (ID,NAME) values ('24','Симуляция полета на высоте 10 км');
commit;
REM INSERTING into DB.EXP_TOOLS
SET DEFINE OFF;
Insert into DB.EXP_TOOLS (ID,EXP_ID,TOOL_ID) values ('21','21','25');
Insert into DB.EXP_TOOLS (ID,EXP_ID,TOOL_ID) values ('28','22','24');
Insert into DB.EXP_TOOLS (ID,EXP_ID,TOOL_ID) values ('23','23','21');
Insert into DB.EXP_TOOLS (ID,EXP_ID,TOOL_ID) values ('25','23','23');
Insert into DB.EXP_TOOLS (ID,EXP_ID,TOOL_ID) values ('26','24','25');
Insert into DB.EXP_TOOLS (ID,EXP_ID,TOOL_ID) values ('27','25','25');
commit;
REM INSERTING into DB.FITTERS
SET DEFINE OFF;
Insert into DB.FITTERS (ID,CATEGORY,WORK_ID) values ('2','4','38');
Insert into DB.FITTERS (ID,CATEGORY,WORK_ID) values ('3','5','37');
commit;
REM INSERTING into DB.GLIDERS
SET DEFINE OFF;
Insert into DB.GLIDERS (ID,WINGSPAN,NAME,PROD_ID) values ('1','5','Volantex 757-7','45');
Insert into DB.GLIDERS (ID,WINGSPAN,NAME,PROD_ID) values ('2','6','XK-A800','46');
commit;
REM INSERTING into DB.HANG_GLIDERS
SET DEFINE OFF;
Insert into DB.HANG_GLIDERS (ID,AERO_QUAL,NAME,PROD_ID) values ('41','1','Славутич УТ','47');
Insert into DB.HANG_GLIDERS (ID,AERO_QUAL,NAME,PROD_ID) values ('42','2','Discus','48');
commit;
REM INSERTING into DB.HELICOPTERS
SET DEFINE OFF;
Insert into DB.HELICOPTERS (ID,SPEED,NAME,PROD_ID) values ('41','335','Ми-24','49');
Insert into DB.HELICOPTERS (ID,SPEED,NAME,PROD_ID) values ('42','300','AH-2','50');
commit;
REM INSERTING into DB.INVESTIGATORS
SET DEFINE OFF;
Insert into DB.INVESTIGATORS (ID,FIRST_NAME,LAST_NAME,PATRONYMIC,EXP_ID) values ('21','Виталий','Голубев','Александрович','22');
Insert into DB.INVESTIGATORS (ID,FIRST_NAME,LAST_NAME,PATRONYMIC,EXP_ID) values ('37','Виталий','Голубев','Витальевич','23');
Insert into DB.INVESTIGATORS (ID,FIRST_NAME,LAST_NAME,PATRONYMIC,EXP_ID) values ('38','Виталий','Голубев','Анатольевич','24');
Insert into DB.INVESTIGATORS (ID,FIRST_NAME,LAST_NAME,PATRONYMIC,EXP_ID) values ('39','Виталий','Голубев','Викторович','25');
Insert into DB.INVESTIGATORS (ID,FIRST_NAME,LAST_NAME,PATRONYMIC,EXP_ID) values ('40','Виталий','Голубев','Игоревич','23');
Insert into DB.INVESTIGATORS (ID,FIRST_NAME,LAST_NAME,PATRONYMIC,EXP_ID) values ('41','Виталий','Голубев','Олегович','24');
Insert into DB.INVESTIGATORS (ID,FIRST_NAME,LAST_NAME,PATRONYMIC,EXP_ID) values ('42','Виталий','Голубев','Максимович','24');
commit;
REM INSERTING into DB.JOBS
SET DEFINE OFF;
Insert into DB.JOBS (ID,NAME,SEC_ID) values ('44','Шлифовка','26');
Insert into DB.JOBS (ID,NAME,SEC_ID) values ('45','Оттачивание','26');
Insert into DB.JOBS (ID,NAME,SEC_ID) values ('46','достать 50 кг стали','22');
Insert into DB.JOBS (ID,NAME,SEC_ID) values ('47','вырезка крыла ','25');
commit;
REM INSERTING into DB.LABORATORIES
SET DEFINE OFF;
Insert into DB.LABORATORIES (ID,NAME) values ('25','Аэродинамика');
Insert into DB.LABORATORIES (ID,NAME) values ('26','Лаб. Динамических испытаний');
Insert into DB.LABORATORIES (ID,NAME) values ('27','Лаб. огневых испытаний');
commit;
REM INSERTING into DB.LAB_SUP_WS
SET DEFINE OFF;
Insert into DB.LAB_SUP_WS (ID,LAB_ID,WS_ID) values ('21','25','21');
Insert into DB.LAB_SUP_WS (ID,LAB_ID,WS_ID) values ('22','27','24');
Insert into DB.LAB_SUP_WS (ID,LAB_ID,WS_ID) values ('23','26','21');
Insert into DB.LAB_SUP_WS (ID,LAB_ID,WS_ID) values ('24','27','21');
commit;
REM INSERTING into DB.MASTERS
SET DEFINE OFF;
Insert into DB.MASTERS (ID,TECH_ID,SEC_ID) values ('1','7','22');
Insert into DB.MASTERS (ID,TECH_ID,SEC_ID) values ('2','8','25');
commit;
REM INSERTING into DB.OTHER_PRODS
SET DEFINE OFF;
Insert into DB.OTHER_PRODS (ID,TYPE_PROD,NAME,PROD_ID) values ('21','дрон','Mavic Pro Platinum','51');
Insert into DB.OTHER_PRODS (ID,TYPE_PROD,NAME,PROD_ID) values ('22','дрон','Mavic Air','52');
commit;
REM INSERTING into DB.OTHER_WORKERS
SET DEFINE OFF;
Insert into DB.OTHER_WORKERS (ID,NAME_PROF,WORK_ID) values ('1','Фрезеровщик','39');
Insert into DB.OTHER_WORKERS (ID,NAME_PROF,WORK_ID) values ('2','Машинист крана','41');
commit;
REM INSERTING into DB.PLANES
SET DEFINE OFF;
Insert into DB.PLANES (ID,COUNT_ENGINES,NAME,PROD_ID) values ('1','2','Ту-134','43');
Insert into DB.PLANES (ID,COUNT_ENGINES,NAME,PROD_ID) values ('2','4','Ил-62','44');
commit;
REM INSERTING into DB.PRODUCTS
SET DEFINE OFF;
Insert into DB.PRODUCTS (ID,WORKSHOP_ID) values ('41','1');
Insert into DB.PRODUCTS (ID,WORKSHOP_ID) values ('42','4');
Insert into DB.PRODUCTS (ID,WORKSHOP_ID) values ('43','4');
Insert into DB.PRODUCTS (ID,WORKSHOP_ID) values ('44','1');
Insert into DB.PRODUCTS (ID,WORKSHOP_ID) values ('45','1');
Insert into DB.PRODUCTS (ID,WORKSHOP_ID) values ('46','1');
Insert into DB.PRODUCTS (ID,WORKSHOP_ID) values ('47','4');
Insert into DB.PRODUCTS (ID,WORKSHOP_ID) values ('48','1');
Insert into DB.PRODUCTS (ID,WORKSHOP_ID) values ('49','1');
Insert into DB.PRODUCTS (ID,WORKSHOP_ID) values ('50','1');
Insert into DB.PRODUCTS (ID,WORKSHOP_ID) values ('51','1');
Insert into DB.PRODUCTS (ID,WORKSHOP_ID) values ('52',null);
commit;
REM INSERTING into DB.PRODUCTS_EXPS
SET DEFINE OFF;
REM INSERTING into DB.PRODUCTS_JOBS
SET DEFINE OFF;
REM INSERTING into DB.ROCKETS
SET DEFINE OFF;
Insert into DB.ROCKETS (ID,POWER,NAME,PROD_ID) values ('21','1','Союз-2','41');
Insert into DB.ROCKETS (ID,POWER,NAME,PROD_ID) values ('22','2','Delta IV Heavy','42');
commit;
REM INSERTING into DB.SECTORS
SET DEFINE OFF;
Insert into DB.SECTORS (ID,NAME,TECH_ID,WORKSHOP_ID) values ('22','склад металла','5','21');
Insert into DB.SECTORS (ID,NAME,TECH_ID,WORKSHOP_ID) values ('23','готовая продукция','6','21');
Insert into DB.SECTORS (ID,NAME,TECH_ID,WORKSHOP_ID) values ('25','токарный участок','2','24');
Insert into DB.SECTORS (ID,NAME,TECH_ID,WORKSHOP_ID) values ('26','шлифовальный участок','3','24');
commit;
REM INSERTING into DB.TEAMS
SET DEFINE OFF;
Insert into DB.TEAMS (ID,NAME,LEAD_ID) values ('35','Бригада№1','29');
Insert into DB.TEAMS (ID,NAME,LEAD_ID) values ('36','Бригада№2','34');
Insert into DB.TEAMS (ID,NAME,LEAD_ID) values ('37','Бригада№3','36');
Insert into DB.TEAMS (ID,NAME,LEAD_ID) values ('38','Бригада№4','38');
commit;
REM INSERTING into DB.TECHNICIANS
SET DEFINE OFF;
Insert into DB.TECHNICIANS (ID,CATEGORY,TECH_ID) values ('2','Категория A','5');
Insert into DB.TECHNICIANS (ID,CATEGORY,TECH_ID) values ('3','Категория B','6');
Insert into DB.TECHNICIANS (ID,CATEGORY,TECH_ID) values ('4','Категория C','7');
Insert into DB.TECHNICIANS (ID,CATEGORY,TECH_ID) values ('5','Категория D','8');
commit;
REM INSERTING into DB.TECHNICS
SET DEFINE OFF;
Insert into DB.TECHNICS (ID,FIRST_NAME,LAST_NAME,PATRONYMIC) values ('5','Анатолий','Иванов','Александрович');
Insert into DB.TECHNICS (ID,FIRST_NAME,LAST_NAME,PATRONYMIC) values ('6','Анатолий','Иванов','Алексеевич');
Insert into DB.TECHNICS (ID,FIRST_NAME,LAST_NAME,PATRONYMIC) values ('3','Анатолий','Иванов','Афанасьевич');
Insert into DB.TECHNICS (ID,FIRST_NAME,LAST_NAME,PATRONYMIC) values ('2','Анатолий','Иванов','Витальевич');
Insert into DB.TECHNICS (ID,FIRST_NAME,LAST_NAME,PATRONYMIC) values ('7','Анатолий','Иванов','Игоревич');
Insert into DB.TECHNICS (ID,FIRST_NAME,LAST_NAME,PATRONYMIC) values ('1','Анатолий','Иванов','Михайлович');
Insert into DB.TECHNICS (ID,FIRST_NAME,LAST_NAME,PATRONYMIC) values ('4','Анатолий','Иванов','Олегович');
Insert into DB.TECHNICS (ID,FIRST_NAME,LAST_NAME,PATRONYMIC) values ('8','Анатолий','Иванов','Павлович');
commit;
REM INSERTING into DB.TECHNOLOGISTS
SET DEFINE OFF;
Insert into DB.TECHNOLOGISTS (ID,TECHNOLOGY_DEV,TECH_ID) values ('3','Композитные материалы в авиации','3');
Insert into DB.TECHNOLOGISTS (ID,TECHNOLOGY_DEV,TECH_ID) values ('4','Получение неразъемных соединений','4');
commit;
REM INSERTING into DB.TOOLS
SET DEFINE OFF;
Insert into DB.TOOLS (ID,LAB_ID,NAME) values ('21','27','Огнемет');
Insert into DB.TOOLS (ID,LAB_ID,NAME) values ('23','27','Огнетушитель');
Insert into DB.TOOLS (ID,LAB_ID,NAME) values ('24','26','тестовая полоса');
Insert into DB.TOOLS (ID,LAB_ID,NAME) values ('25','25','аэродинамич. труба');
commit;
REM INSERTING into DB.TURNERS
SET DEFINE OFF;
Insert into DB.TURNERS (ID,AMOUNT_FINGERS,WORK_ID) values ('1','6','34');
Insert into DB.TURNERS (ID,AMOUNT_FINGERS,WORK_ID) values ('2','8','36');
commit;
REM INSERTING into DB.WELDERS
SET DEFINE OFF;
Insert into DB.WELDERS (ID,SPECIALIZATION,WORK_ID) values ('1','Слесарь широкого профиля','29');
Insert into DB.WELDERS (ID,SPECIALIZATION,WORK_ID) values ('2','Слесарь механосборочных работ','33');
commit;
REM INSERTING into DB.WORKERS
SET DEFINE OFF;
Insert into DB.WORKERS (ID,FIRST_NAME,LAST_NAME,PATRONYMIC,TEAM_ID) values ('29','Иван','Береза','Иванович','35');
Insert into DB.WORKERS (ID,FIRST_NAME,LAST_NAME,PATRONYMIC,TEAM_ID) values ('33','Виталий','Береза','Иванович','36');
Insert into DB.WORKERS (ID,FIRST_NAME,LAST_NAME,PATRONYMIC,TEAM_ID) values ('34','Олег','Береза','Иванович','36');
Insert into DB.WORKERS (ID,FIRST_NAME,LAST_NAME,PATRONYMIC,TEAM_ID) values ('36','Михаил','Береза','Иванович','37');
Insert into DB.WORKERS (ID,FIRST_NAME,LAST_NAME,PATRONYMIC,TEAM_ID) values ('37','Никита','Береза','Иванович','35');
Insert into DB.WORKERS (ID,FIRST_NAME,LAST_NAME,PATRONYMIC,TEAM_ID) values ('38','Антон','Береза','Иванович','38');
Insert into DB.WORKERS (ID,FIRST_NAME,LAST_NAME,PATRONYMIC,TEAM_ID) values ('39','Александр','Береза','Иванович','37');
Insert into DB.WORKERS (ID,FIRST_NAME,LAST_NAME,PATRONYMIC,TEAM_ID) values ('40','Евгений','Береза','Иванович','38');
Insert into DB.WORKERS (ID,FIRST_NAME,LAST_NAME,PATRONYMIC,TEAM_ID) values ('41','Григорий','Береза','Иванович','35');
commit;
REM INSERTING into DB.WORKSHOPS
SET DEFINE OFF;
Insert into DB.WORKSHOPS (ID,NAME,TECH_ID) values ('21','сборочный
','1');
Insert into DB.WORKSHOPS (ID,NAME,TECH_ID) values ('24','токарной обработки','4');
commit;
--------------------------------------------------------
--  DDL for Index SYS_C008772
--------------------------------------------------------

  CREATE UNIQUE INDEX "DB"."SYS_C008772" ON "DB"."PRODUCTS_JOBS" ("ID", "JOB_ID", "ORDER_NUM", "PROD_ID", "TIME_BEGIN", "TIME_END", "TEAM_ID") 
  PCTFREE 10 INITRANS 2 MAXTRANS 255 COMPUTE STATISTICS 
  STORAGE(INITIAL 65536 NEXT 1048576 MINEXTENTS 1 MAXEXTENTS 2147483645
  PCTINCREASE 0 FREELISTS 1 FREELIST GROUPS 1
  BUFFER_POOL DEFAULT FLASH_CACHE DEFAULT CELL_FLASH_CACHE DEFAULT)
  TABLESPACE "USERS" ;
--------------------------------------------------------
--  DDL for Index SYS_C008805
--------------------------------------------------------

  CREATE UNIQUE INDEX "DB"."SYS_C008805" ON "DB"."PRODUCTS_EXPS" ("ID", "EXP_ID", "ORDER_NUM", "PROD_ID", "TIME_BEGIN", "TIME_END") 
  PCTFREE 10 INITRANS 2 MAXTRANS 255 COMPUTE STATISTICS 
  STORAGE(INITIAL 65536 NEXT 1048576 MINEXTENTS 1 MAXEXTENTS 2147483645
  PCTINCREASE 0 FREELISTS 1 FREELIST GROUPS 1
  BUFFER_POOL DEFAULT FLASH_CACHE DEFAULT CELL_FLASH_CACHE DEFAULT)
  TABLESPACE "USERS" ;
--------------------------------------------------------
--  DDL for Index UNIQUE_ACC
--------------------------------------------------------

  CREATE UNIQUE INDEX "DB"."UNIQUE_ACC" ON "DB"."ACCOUNTS" ("LOGIN", "PAS") 
  PCTFREE 10 INITRANS 2 MAXTRANS 255 COMPUTE STATISTICS 
  STORAGE(INITIAL 65536 NEXT 1048576 MINEXTENTS 1 MAXEXTENTS 2147483645
  PCTINCREASE 0 FREELISTS 1 FREELIST GROUPS 1
  BUFFER_POOL DEFAULT FLASH_CACHE DEFAULT CELL_FLASH_CACHE DEFAULT)
  TABLESPACE "USERS" ;
--------------------------------------------------------
--  DDL for Index UNIQUE_EXP_TOOL
--------------------------------------------------------

  CREATE UNIQUE INDEX "DB"."UNIQUE_EXP_TOOL" ON "DB"."EXP_TOOLS" ("EXP_ID", "TOOL_ID") 
  PCTFREE 10 INITRANS 2 MAXTRANS 255 COMPUTE STATISTICS 
  STORAGE(INITIAL 65536 NEXT 1048576 MINEXTENTS 1 MAXEXTENTS 2147483645
  PCTINCREASE 0 FREELISTS 1 FREELIST GROUPS 1
  BUFFER_POOL DEFAULT FLASH_CACHE DEFAULT CELL_FLASH_CACHE DEFAULT)
  TABLESPACE "USERS" ;
--------------------------------------------------------
--  DDL for Index UNIQUE_LAB_WS
--------------------------------------------------------

  CREATE UNIQUE INDEX "DB"."UNIQUE_LAB_WS" ON "DB"."LAB_SUP_WS" ("LAB_ID", "WS_ID") 
  PCTFREE 10 INITRANS 2 MAXTRANS 255 COMPUTE STATISTICS 
  STORAGE(INITIAL 65536 NEXT 1048576 MINEXTENTS 1 MAXEXTENTS 2147483645
  PCTINCREASE 0 FREELISTS 1 FREELIST GROUPS 1
  BUFFER_POOL DEFAULT FLASH_CACHE DEFAULT CELL_FLASH_CACHE DEFAULT)
  TABLESPACE "USERS" ;
--------------------------------------------------------
--  DDL for Index UNIQUE_LEAD
--------------------------------------------------------

  CREATE UNIQUE INDEX "DB"."UNIQUE_LEAD" ON "DB"."TEAMS" ("LEAD_ID") 
  PCTFREE 10 INITRANS 2 MAXTRANS 255 COMPUTE STATISTICS 
  STORAGE(INITIAL 65536 NEXT 1048576 MINEXTENTS 1 MAXEXTENTS 2147483645
  PCTINCREASE 0 FREELISTS 1 FREELIST GROUPS 1
  BUFFER_POOL DEFAULT FLASH_CACHE DEFAULT CELL_FLASH_CACHE DEFAULT)
  TABLESPACE "USERS" ;
--------------------------------------------------------
--  DDL for Index UNIQUE_NAME_TEAM
--------------------------------------------------------

  CREATE UNIQUE INDEX "DB"."UNIQUE_NAME_TEAM" ON "DB"."TEAMS" ("NAME") 
  PCTFREE 10 INITRANS 2 MAXTRANS 255 COMPUTE STATISTICS 
  STORAGE(INITIAL 65536 NEXT 1048576 MINEXTENTS 1 MAXEXTENTS 2147483645
  PCTINCREASE 0 FREELISTS 1 FREELIST GROUPS 1
  BUFFER_POOL DEFAULT FLASH_CACHE DEFAULT CELL_FLASH_CACHE DEFAULT)
  TABLESPACE "USERS" ;
--------------------------------------------------------
--  DDL for Index UNIQUE_ORDER_EXP
--------------------------------------------------------

  CREATE UNIQUE INDEX "DB"."UNIQUE_ORDER_EXP" ON "DB"."PRODUCTS_EXPS" ("PROD_ID", "ORDER_NUM") 
  PCTFREE 10 INITRANS 2 MAXTRANS 255 COMPUTE STATISTICS 
  STORAGE(INITIAL 65536 NEXT 1048576 MINEXTENTS 1 MAXEXTENTS 2147483645
  PCTINCREASE 0 FREELISTS 1 FREELIST GROUPS 1
  BUFFER_POOL DEFAULT FLASH_CACHE DEFAULT CELL_FLASH_CACHE DEFAULT)
  TABLESPACE "USERS" ;
--------------------------------------------------------
--  DDL for Index UNIQUE_ORDER_JOB
--------------------------------------------------------

  CREATE UNIQUE INDEX "DB"."UNIQUE_ORDER_JOB" ON "DB"."PRODUCTS_JOBS" ("PROD_ID", "ORDER_NUM") 
  PCTFREE 10 INITRANS 2 MAXTRANS 255 COMPUTE STATISTICS 
  STORAGE(INITIAL 65536 NEXT 1048576 MINEXTENTS 1 MAXEXTENTS 2147483645
  PCTINCREASE 0 FREELISTS 1 FREELIST GROUPS 1
  BUFFER_POOL DEFAULT FLASH_CACHE DEFAULT CELL_FLASH_CACHE DEFAULT)
  TABLESPACE "USERS" ;
--------------------------------------------------------
--  DDL for Index UNIQUE_PROD_EXP
--------------------------------------------------------

  CREATE UNIQUE INDEX "DB"."UNIQUE_PROD_EXP" ON "DB"."PRODUCTS_EXPS" ("PROD_ID", "EXP_ID") 
  PCTFREE 10 INITRANS 2 MAXTRANS 255 COMPUTE STATISTICS 
  STORAGE(INITIAL 65536 NEXT 1048576 MINEXTENTS 1 MAXEXTENTS 2147483645
  PCTINCREASE 0 FREELISTS 1 FREELIST GROUPS 1
  BUFFER_POOL DEFAULT FLASH_CACHE DEFAULT CELL_FLASH_CACHE DEFAULT)
  TABLESPACE "USERS" ;
--------------------------------------------------------
--  DDL for Index UNIQUE_PROD_JOB
--------------------------------------------------------

  CREATE UNIQUE INDEX "DB"."UNIQUE_PROD_JOB" ON "DB"."PRODUCTS_JOBS" ("PROD_ID", "JOB_ID") 
  PCTFREE 10 INITRANS 2 MAXTRANS 255 COMPUTE STATISTICS 
  STORAGE(INITIAL 65536 NEXT 1048576 MINEXTENTS 1 MAXEXTENTS 2147483645
  PCTINCREASE 0 FREELISTS 1 FREELIST GROUPS 1
  BUFFER_POOL DEFAULT FLASH_CACHE DEFAULT CELL_FLASH_CACHE DEFAULT)
  TABLESPACE "USERS" ;
--------------------------------------------------------
--  DDL for Index UNIQUE_SEC_NAME
--------------------------------------------------------

  CREATE UNIQUE INDEX "DB"."UNIQUE_SEC_NAME" ON "DB"."SECTORS" ("NAME") 
  PCTFREE 10 INITRANS 2 MAXTRANS 255 COMPUTE STATISTICS 
  STORAGE(INITIAL 65536 NEXT 1048576 MINEXTENTS 1 MAXEXTENTS 2147483645
  PCTINCREASE 0 FREELISTS 1 FREELIST GROUPS 1
  BUFFER_POOL DEFAULT FLASH_CACHE DEFAULT CELL_FLASH_CACHE DEFAULT)
  TABLESPACE "USERS" ;
--------------------------------------------------------
--  DDL for Index UNIQUE_WS_NAME
--------------------------------------------------------

  CREATE UNIQUE INDEX "DB"."UNIQUE_WS_NAME" ON "DB"."WORKSHOPS" ("NAME") 
  PCTFREE 10 INITRANS 2 MAXTRANS 255 COMPUTE STATISTICS 
  STORAGE(INITIAL 65536 NEXT 1048576 MINEXTENTS 1 MAXEXTENTS 2147483645
  PCTINCREASE 0 FREELISTS 1 FREELIST GROUPS 1
  BUFFER_POOL DEFAULT FLASH_CACHE DEFAULT CELL_FLASH_CACHE DEFAULT)
  TABLESPACE "USERS" ;
--------------------------------------------------------
--  DDL for Index UNIQ_EXP_NAME
--------------------------------------------------------

  CREATE UNIQUE INDEX "DB"."UNIQ_EXP_NAME" ON "DB"."EXPERIMENTS" ("NAME") 
  PCTFREE 10 INITRANS 2 MAXTRANS 255 COMPUTE STATISTICS 
  STORAGE(INITIAL 65536 NEXT 1048576 MINEXTENTS 1 MAXEXTENTS 2147483645
  PCTINCREASE 0 FREELISTS 1 FREELIST GROUPS 1
  BUFFER_POOL DEFAULT FLASH_CACHE DEFAULT CELL_FLASH_CACHE DEFAULT)
  TABLESPACE "USERS" ;
--------------------------------------------------------
--  DDL for Index UNIQ_JOB_NAME
--------------------------------------------------------

  CREATE UNIQUE INDEX "DB"."UNIQ_JOB_NAME" ON "DB"."JOBS" ("NAME") 
  PCTFREE 10 INITRANS 2 MAXTRANS 255 COMPUTE STATISTICS 
  STORAGE(INITIAL 65536 NEXT 1048576 MINEXTENTS 1 MAXEXTENTS 2147483645
  PCTINCREASE 0 FREELISTS 1 FREELIST GROUPS 1
  BUFFER_POOL DEFAULT FLASH_CACHE DEFAULT CELL_FLASH_CACHE DEFAULT)
  TABLESPACE "USERS" ;
--------------------------------------------------------
--  DDL for Index UNIQ_LAB_NAME
--------------------------------------------------------

  CREATE UNIQUE INDEX "DB"."UNIQ_LAB_NAME" ON "DB"."LABORATORIES" ("NAME") 
  PCTFREE 10 INITRANS 2 MAXTRANS 255 COMPUTE STATISTICS 
  STORAGE(INITIAL 65536 NEXT 1048576 MINEXTENTS 1 MAXEXTENTS 2147483645
  PCTINCREASE 0 FREELISTS 1 FREELIST GROUPS 1
  BUFFER_POOL DEFAULT FLASH_CACHE DEFAULT CELL_FLASH_CACHE DEFAULT)
  TABLESPACE "USERS" ;
--------------------------------------------------------
--  DDL for Index UNIQ_NAME_GLID
--------------------------------------------------------

  CREATE UNIQUE INDEX "DB"."UNIQ_NAME_GLID" ON "DB"."GLIDERS" ("NAME") 
  PCTFREE 10 INITRANS 2 MAXTRANS 255 COMPUTE STATISTICS 
  STORAGE(INITIAL 65536 NEXT 1048576 MINEXTENTS 1 MAXEXTENTS 2147483645
  PCTINCREASE 0 FREELISTS 1 FREELIST GROUPS 1
  BUFFER_POOL DEFAULT FLASH_CACHE DEFAULT CELL_FLASH_CACHE DEFAULT)
  TABLESPACE "USERS" ;
--------------------------------------------------------
--  DDL for Index UNIQ_NAME_HELI
--------------------------------------------------------

  CREATE UNIQUE INDEX "DB"."UNIQ_NAME_HELI" ON "DB"."HELICOPTERS" ("NAME") 
  PCTFREE 10 INITRANS 2 MAXTRANS 255 COMPUTE STATISTICS 
  STORAGE(INITIAL 65536 NEXT 1048576 MINEXTENTS 1 MAXEXTENTS 2147483645
  PCTINCREASE 0 FREELISTS 1 FREELIST GROUPS 1
  BUFFER_POOL DEFAULT FLASH_CACHE DEFAULT CELL_FLASH_CACHE DEFAULT)
  TABLESPACE "USERS" ;
--------------------------------------------------------
--  DDL for Index UNIQ_NAME_HG
--------------------------------------------------------

  CREATE UNIQUE INDEX "DB"."UNIQ_NAME_HG" ON "DB"."HANG_GLIDERS" ("NAME") 
  PCTFREE 10 INITRANS 2 MAXTRANS 255 COMPUTE STATISTICS 
  STORAGE(INITIAL 65536 NEXT 1048576 MINEXTENTS 1 MAXEXTENTS 2147483645
  PCTINCREASE 0 FREELISTS 1 FREELIST GROUPS 1
  BUFFER_POOL DEFAULT FLASH_CACHE DEFAULT CELL_FLASH_CACHE DEFAULT)
  TABLESPACE "USERS" ;
--------------------------------------------------------
--  DDL for Index UNIQ_NAME_INV
--------------------------------------------------------

  CREATE UNIQUE INDEX "DB"."UNIQ_NAME_INV" ON "DB"."INVESTIGATORS" ("FIRST_NAME", "LAST_NAME", "PATRONYMIC") 
  PCTFREE 10 INITRANS 2 MAXTRANS 255 COMPUTE STATISTICS 
  STORAGE(INITIAL 65536 NEXT 1048576 MINEXTENTS 1 MAXEXTENTS 2147483645
  PCTINCREASE 0 FREELISTS 1 FREELIST GROUPS 1
  BUFFER_POOL DEFAULT FLASH_CACHE DEFAULT CELL_FLASH_CACHE DEFAULT)
  TABLESPACE "USERS" ;
--------------------------------------------------------
--  DDL for Index UNIQ_NAME_OTHER_PROD
--------------------------------------------------------

  CREATE UNIQUE INDEX "DB"."UNIQ_NAME_OTHER_PROD" ON "DB"."OTHER_PRODS" ("NAME") 
  PCTFREE 10 INITRANS 2 MAXTRANS 255 COMPUTE STATISTICS 
  STORAGE(INITIAL 65536 NEXT 1048576 MINEXTENTS 1 MAXEXTENTS 2147483645
  PCTINCREASE 0 FREELISTS 1 FREELIST GROUPS 1
  BUFFER_POOL DEFAULT FLASH_CACHE DEFAULT CELL_FLASH_CACHE DEFAULT)
  TABLESPACE "USERS" ;
--------------------------------------------------------
--  DDL for Index UNIQ_NAME_PLANE
--------------------------------------------------------

  CREATE UNIQUE INDEX "DB"."UNIQ_NAME_PLANE" ON "DB"."PLANES" ("NAME") 
  PCTFREE 10 INITRANS 2 MAXTRANS 255 COMPUTE STATISTICS 
  STORAGE(INITIAL 65536 NEXT 1048576 MINEXTENTS 1 MAXEXTENTS 2147483645
  PCTINCREASE 0 FREELISTS 1 FREELIST GROUPS 1
  BUFFER_POOL DEFAULT FLASH_CACHE DEFAULT CELL_FLASH_CACHE DEFAULT)
  TABLESPACE "USERS" ;
--------------------------------------------------------
--  DDL for Index UNIQ_NAME_ROCKET
--------------------------------------------------------

  CREATE UNIQUE INDEX "DB"."UNIQ_NAME_ROCKET" ON "DB"."ROCKETS" ("NAME") 
  PCTFREE 10 INITRANS 2 MAXTRANS 255 COMPUTE STATISTICS 
  STORAGE(INITIAL 65536 NEXT 1048576 MINEXTENTS 1 MAXEXTENTS 2147483645
  PCTINCREASE 0 FREELISTS 1 FREELIST GROUPS 1
  BUFFER_POOL DEFAULT FLASH_CACHE DEFAULT CELL_FLASH_CACHE DEFAULT)
  TABLESPACE "USERS" ;
--------------------------------------------------------
--  DDL for Index UNIQ_NAME_TECHS
--------------------------------------------------------

  CREATE UNIQUE INDEX "DB"."UNIQ_NAME_TECHS" ON "DB"."TECHNICS" ("FIRST_NAME", "LAST_NAME", "PATRONYMIC") 
  PCTFREE 10 INITRANS 2 MAXTRANS 255 COMPUTE STATISTICS 
  STORAGE(INITIAL 65536 NEXT 1048576 MINEXTENTS 1 MAXEXTENTS 2147483645
  PCTINCREASE 0 FREELISTS 1 FREELIST GROUPS 1
  BUFFER_POOL DEFAULT FLASH_CACHE DEFAULT CELL_FLASH_CACHE DEFAULT)
  TABLESPACE "USERS" ;
--------------------------------------------------------
--  DDL for Index UNIQ_NAME_WORK
--------------------------------------------------------

  CREATE UNIQUE INDEX "DB"."UNIQ_NAME_WORK" ON "DB"."WORKERS" ("FIRST_NAME", "LAST_NAME", "PATRONYMIC") 
  PCTFREE 10 INITRANS 2 MAXTRANS 255 COMPUTE STATISTICS 
  STORAGE(INITIAL 65536 NEXT 1048576 MINEXTENTS 1 MAXEXTENTS 2147483645
  PCTINCREASE 0 FREELISTS 1 FREELIST GROUPS 1
  BUFFER_POOL DEFAULT FLASH_CACHE DEFAULT CELL_FLASH_CACHE DEFAULT)
  TABLESPACE "USERS" ;
--------------------------------------------------------
--  DDL for Index UNIQ_TECH_ID_ENG
--------------------------------------------------------

  CREATE UNIQUE INDEX "DB"."UNIQ_TECH_ID_ENG" ON "DB"."ENGINEERS" ("TECH_ID") 
  PCTFREE 10 INITRANS 2 MAXTRANS 255 COMPUTE STATISTICS 
  STORAGE(INITIAL 65536 NEXT 1048576 MINEXTENTS 1 MAXEXTENTS 2147483645
  PCTINCREASE 0 FREELISTS 1 FREELIST GROUPS 1
  BUFFER_POOL DEFAULT FLASH_CACHE DEFAULT CELL_FLASH_CACHE DEFAULT)
  TABLESPACE "USERS" ;
--------------------------------------------------------
--  DDL for Index UNIQ_TECH_ID_MASTERS
--------------------------------------------------------

  CREATE UNIQUE INDEX "DB"."UNIQ_TECH_ID_MASTERS" ON "DB"."MASTERS" ("TECH_ID") 
  PCTFREE 10 INITRANS 2 MAXTRANS 255 COMPUTE STATISTICS 
  STORAGE(INITIAL 65536 NEXT 1048576 MINEXTENTS 1 MAXEXTENTS 2147483645
  PCTINCREASE 0 FREELISTS 1 FREELIST GROUPS 1
  BUFFER_POOL DEFAULT FLASH_CACHE DEFAULT CELL_FLASH_CACHE DEFAULT)
  TABLESPACE "USERS" ;
--------------------------------------------------------
--  DDL for Index UNIQ_TECH_ID_SEC
--------------------------------------------------------

  CREATE UNIQUE INDEX "DB"."UNIQ_TECH_ID_SEC" ON "DB"."SECTORS" ("TECH_ID") 
  PCTFREE 10 INITRANS 2 MAXTRANS 255 COMPUTE STATISTICS 
  STORAGE(INITIAL 65536 NEXT 1048576 MINEXTENTS 1 MAXEXTENTS 2147483645
  PCTINCREASE 0 FREELISTS 1 FREELIST GROUPS 1
  BUFFER_POOL DEFAULT FLASH_CACHE DEFAULT CELL_FLASH_CACHE DEFAULT)
  TABLESPACE "USERS" ;
--------------------------------------------------------
--  DDL for Index UNIQ_TECH_ID_TECH
--------------------------------------------------------

  CREATE UNIQUE INDEX "DB"."UNIQ_TECH_ID_TECH" ON "DB"."TECHNICIANS" ("TECH_ID") 
  PCTFREE 10 INITRANS 2 MAXTRANS 255 COMPUTE STATISTICS 
  STORAGE(INITIAL 65536 NEXT 1048576 MINEXTENTS 1 MAXEXTENTS 2147483645
  PCTINCREASE 0 FREELISTS 1 FREELIST GROUPS 1
  BUFFER_POOL DEFAULT FLASH_CACHE DEFAULT CELL_FLASH_CACHE DEFAULT)
  TABLESPACE "USERS" ;
--------------------------------------------------------
--  DDL for Index UNIQ_TECH_ID_TECHNOLOGISTS
--------------------------------------------------------

  CREATE UNIQUE INDEX "DB"."UNIQ_TECH_ID_TECHNOLOGISTS" ON "DB"."TECHNOLOGISTS" ("TECH_ID") 
  PCTFREE 10 INITRANS 2 MAXTRANS 255 COMPUTE STATISTICS 
  STORAGE(INITIAL 65536 NEXT 1048576 MINEXTENTS 1 MAXEXTENTS 2147483645
  PCTINCREASE 0 FREELISTS 1 FREELIST GROUPS 1
  BUFFER_POOL DEFAULT FLASH_CACHE DEFAULT CELL_FLASH_CACHE DEFAULT)
  TABLESPACE "USERS" ;
--------------------------------------------------------
--  DDL for Index UNIQ_TECH_ID_WS
--------------------------------------------------------

  CREATE UNIQUE INDEX "DB"."UNIQ_TECH_ID_WS" ON "DB"."WORKSHOPS" ("TECH_ID") 
  PCTFREE 10 INITRANS 2 MAXTRANS 255 COMPUTE STATISTICS 
  STORAGE(INITIAL 65536 NEXT 1048576 MINEXTENTS 1 MAXEXTENTS 2147483645
  PCTINCREASE 0 FREELISTS 1 FREELIST GROUPS 1
  BUFFER_POOL DEFAULT FLASH_CACHE DEFAULT CELL_FLASH_CACHE DEFAULT)
  TABLESPACE "USERS" ;
--------------------------------------------------------
--  DDL for Index UNIQ_TOOL_NAME
--------------------------------------------------------

  CREATE UNIQUE INDEX "DB"."UNIQ_TOOL_NAME" ON "DB"."TOOLS" ("NAME") 
  PCTFREE 10 INITRANS 2 MAXTRANS 255 COMPUTE STATISTICS 
  STORAGE(INITIAL 65536 NEXT 1048576 MINEXTENTS 1 MAXEXTENTS 2147483645
  PCTINCREASE 0 FREELISTS 1 FREELIST GROUPS 1
  BUFFER_POOL DEFAULT FLASH_CACHE DEFAULT CELL_FLASH_CACHE DEFAULT)
  TABLESPACE "USERS" ;
--------------------------------------------------------
--  DDL for Index UNIQ_WORK_ID_COLL
--------------------------------------------------------

  CREATE UNIQUE INDEX "DB"."UNIQ_WORK_ID_COLL" ON "DB"."COLLECTORS" ("WORK_ID") 
  PCTFREE 10 INITRANS 2 MAXTRANS 255 COMPUTE STATISTICS 
  STORAGE(INITIAL 65536 NEXT 1048576 MINEXTENTS 1 MAXEXTENTS 2147483645
  PCTINCREASE 0 FREELISTS 1 FREELIST GROUPS 1
  BUFFER_POOL DEFAULT FLASH_CACHE DEFAULT CELL_FLASH_CACHE DEFAULT)
  TABLESPACE "USERS" ;
--------------------------------------------------------
--  DDL for Index UNIQ_WORK_ID_FITT
--------------------------------------------------------

  CREATE UNIQUE INDEX "DB"."UNIQ_WORK_ID_FITT" ON "DB"."FITTERS" ("WORK_ID") 
  PCTFREE 10 INITRANS 2 MAXTRANS 255 COMPUTE STATISTICS 
  STORAGE(INITIAL 65536 NEXT 1048576 MINEXTENTS 1 MAXEXTENTS 2147483645
  PCTINCREASE 0 FREELISTS 1 FREELIST GROUPS 1
  BUFFER_POOL DEFAULT FLASH_CACHE DEFAULT CELL_FLASH_CACHE DEFAULT)
  TABLESPACE "USERS" ;
--------------------------------------------------------
--  DDL for Index UNIQ_WORK_ID_OWORK
--------------------------------------------------------

  CREATE UNIQUE INDEX "DB"."UNIQ_WORK_ID_OWORK" ON "DB"."OTHER_WORKERS" ("WORK_ID") 
  PCTFREE 10 INITRANS 2 MAXTRANS 255 COMPUTE STATISTICS 
  STORAGE(INITIAL 65536 NEXT 1048576 MINEXTENTS 1 MAXEXTENTS 2147483645
  PCTINCREASE 0 FREELISTS 1 FREELIST GROUPS 1
  BUFFER_POOL DEFAULT FLASH_CACHE DEFAULT CELL_FLASH_CACHE DEFAULT)
  TABLESPACE "USERS" ;
--------------------------------------------------------
--  DDL for Index UNIQ_WORK_ID_TURN
--------------------------------------------------------

  CREATE UNIQUE INDEX "DB"."UNIQ_WORK_ID_TURN" ON "DB"."TURNERS" ("WORK_ID") 
  PCTFREE 10 INITRANS 2 MAXTRANS 255 COMPUTE STATISTICS 
  STORAGE(INITIAL 65536 NEXT 1048576 MINEXTENTS 1 MAXEXTENTS 2147483645
  PCTINCREASE 0 FREELISTS 1 FREELIST GROUPS 1
  BUFFER_POOL DEFAULT FLASH_CACHE DEFAULT CELL_FLASH_CACHE DEFAULT)
  TABLESPACE "USERS" ;
--------------------------------------------------------
--  DDL for Index UNIQ_WORK_ID_WELD
--------------------------------------------------------

  CREATE UNIQUE INDEX "DB"."UNIQ_WORK_ID_WELD" ON "DB"."WELDERS" ("WORK_ID") 
  PCTFREE 10 INITRANS 2 MAXTRANS 255 COMPUTE STATISTICS 
  STORAGE(INITIAL 65536 NEXT 1048576 MINEXTENTS 1 MAXEXTENTS 2147483645
  PCTINCREASE 0 FREELISTS 1 FREELIST GROUPS 1
  BUFFER_POOL DEFAULT FLASH_CACHE DEFAULT CELL_FLASH_CACHE DEFAULT)
  TABLESPACE "USERS" ;
--------------------------------------------------------
--  DDL for Trigger ADD_LEAD_ID
--------------------------------------------------------

  CREATE OR REPLACE NONEDITIONABLE TRIGGER "DB"."ADD_LEAD_ID" 
    after insert  
    ON workers  
FOR EACH ROW    
DECLARE
  c int;
BEGIN
  select count(*) into c from teams where id=:new.team_id and lead_id is null;
  if c<>0 then
    update teams set lead_id=:new.id where id=:new.team_id;  
  end if;
end;
/
ALTER TRIGGER "DB"."ADD_LEAD_ID" ENABLE;
--------------------------------------------------------
--  DDL for Trigger ADD_TEAM_ID
--------------------------------------------------------

  CREATE OR REPLACE NONEDITIONABLE TRIGGER "DB"."ADD_TEAM_ID" 
    after insert  
    ON teams  
FOR EACH ROW    
DECLARE
  c int;
BEGIN
  select count(*) into c from workers where id=:new.lead_id and team_id is not null;
  if c<>0 then
    raise_application_error(-20000,'worker has other team');
  else 
    update workers set team_id=:new.id where id=:new.lead_id;  
  end if;
end;

/
ALTER TRIGGER "DB"."ADD_TEAM_ID" ENABLE;
--------------------------------------------------------
--  DDL for Trigger CHECK_WS
--------------------------------------------------------

  CREATE OR REPLACE NONEDITIONABLE TRIGGER "DB"."CHECK_WS" 
    before 
    UPDATE OR insert 
    ON products_jobs
FOR EACH ROW    
DECLARE
   id1 int;
BEGIN
    select count(*) into id1 from
    products where id=:new.prod_id and workshop_id is not null;
    if id1=0 then 
      raise_application_error(-20000,'please setup workshop for product before');
  	end if;
end;
/
ALTER TRIGGER "DB"."CHECK_WS" ENABLE;
--------------------------------------------------------
--  DDL for Trigger INS_GLIDERS
--------------------------------------------------------

  CREATE OR REPLACE NONEDITIONABLE TRIGGER "DB"."INS_GLIDERS" 
    before update or insert 
    ON gliders  
FOR EACH ROW
DECLARE
  c int; 
  id int;   
BEGIN
  if :old.name<>:new.name then
  select count(*) into c from other_prods where name=:new.name;
  if c!=0 then
    raise_application_error(-20000,'not unique name'); 
  end if;
  select count(*) into c from rockets where name=:new.name;
  if c!=0 then
    raise_application_error(-20000,'not unique name'); 
  end if;
  select count(*) into c from planes where name=:new.name;
  if c!=0 then
    raise_application_error(-20000,'not unique name'); 
  end if;
  select count(*) into c from hang_gliders where name=:new.name;
  if c!=0 then
    raise_application_error(-20000,'not unique name'); 
  end if;
  select count(*) into c from helicopters where name=:new.name;
  if c!=0 then
    raise_application_error(-20000,'not unique name'); 
  end if; 
  end if;   
  if :new.prod_id is null then
  select seq_products.nextval into id from dual;
  insert into products(id) values(id);
  :new.prod_id:=id;  
  end if;   
end;

/
ALTER TRIGGER "DB"."INS_GLIDERS" ENABLE;
--------------------------------------------------------
--  DDL for Trigger INS_HANG_GLIDERS
--------------------------------------------------------

  CREATE OR REPLACE NONEDITIONABLE TRIGGER "DB"."INS_HANG_GLIDERS" 
    before update or insert 
    ON hang_gliders
FOR EACH ROW
DECLARE
  c int; 
  id int;   
BEGIN
  if :new.name<>:new.name then
  select count(*) into c from gliders where  name=:new.name;
  if c!=0 then
    raise_application_error(-20000,'not unique name'); 
  end if;
  select count(*) into c from other_prods where  name=:new.name;
  if c!=0 then
    raise_application_error(-20000,'not unique name'); 
  end if;
  select count(*) into c from rockets where  name=:new.name;
  if c!=0 then
    raise_application_error(-20000,'not unique name'); 
  end if;
  select count(*) into c from planes where  name=:new.name;
  if c!=0 then
    raise_application_error(-20000,'not unique name'); 
  end if;
  select count(*) into c from helicopters where  name=:new.name;
  if c!=0 then
    raise_application_error(-20000,'not unique name'); 
  end if; 
  end if;   
  if :new.prod_id is null then
  select seq_products.nextval into id from dual;
  insert into products(id) values(id);
  :new.prod_id:=id;  
  end if;   
end;

/
ALTER TRIGGER "DB"."INS_HANG_GLIDERS" ENABLE;
--------------------------------------------------------
--  DDL for Trigger INS_HELICOPTERS
--------------------------------------------------------

  CREATE OR REPLACE NONEDITIONABLE TRIGGER "DB"."INS_HELICOPTERS" 
    before update or insert 
    ON helicopters  
FOR EACH ROW
DECLARE
  c int; 
  id int;   
BEGIN
  if :old.name<>:new.name then
  select count(*) into c from gliders where name=:new.name;
  if c!=0 then
    raise_application_error(-20000,'not unique name'); 
  end if;
  select count(*) into c from other_prods where name=:new.name;
  if c!=0 then
    raise_application_error(-20000,'not unique name'); 
  end if;
  select count(*) into c from rockets where name=:new.name;
  if c!=0 then
    raise_application_error(-20000,'not unique name'); 
  end if;
  select count(*) into c from planes where name=:new.name;
  if c!=0 then
    raise_application_error(-20000,'not unique name'); 
  end if;
  select count(*) into c from hang_gliders where name=:new.name;
  if c!=0 then
    raise_application_error(-20000,'not unique name'); 
  end if; 
  end if;   
  if :new.prod_id is null then
  select seq_products.nextval into id from dual;
  insert into products(id) values(id);
  :new.prod_id:=id;  
  end if;   
end;

/
ALTER TRIGGER "DB"."INS_HELICOPTERS" ENABLE;
--------------------------------------------------------
--  DDL for Trigger INS_OTHER_PRODS
--------------------------------------------------------

  CREATE OR REPLACE NONEDITIONABLE TRIGGER "DB"."INS_OTHER_PRODS" 
    before update or insert 
    ON other_prods  
FOR EACH ROW
DECLARE
  c int; 
  id int;   
BEGIN
  if :old.name<>:new.name then
  select count(*) into c from gliders where name=:new.name;
  if c!=0 then
    raise_application_error(-20000,'not unique name'); 
  end if;
  select count(*) into c from rockets where name=:new.name;
  if c!=0 then
    raise_application_error(-20000,'not unique name'); 
  end if;
  select count(*) into c from planes where name=:new.name;
  if c!=0 then
    raise_application_error(-20000,'not unique name'); 
  end if;
  select count(*) into c from hang_gliders where name=:new.name;
  if c!=0 then
    raise_application_error(-20000,'not unique name'); 
  end if;
  select count(*) into c from helicopters where name=:new.name;
  if c!=0 then
    raise_application_error(-20000,'not unique name'); 
  end if; 
  end if;   
  if :new.prod_id is null then
  select seq_products.nextval into id from dual;
  insert into products(id) values(id);
  :new.prod_id:=id;  
  end if;   
end;

/
ALTER TRIGGER "DB"."INS_OTHER_PRODS" ENABLE;
--------------------------------------------------------
--  DDL for Trigger INS_PLANES
--------------------------------------------------------

  CREATE OR REPLACE NONEDITIONABLE TRIGGER "DB"."INS_PLANES" 
    before update or insert 
    ON planes 
FOR EACH ROW
DECLARE
  c int; 
  id int;   
BEGIN
  if :old.name<>:new.name then
  select count(*) into c from gliders where name=:new.name;
  if c!=0 then
    raise_application_error(-20000,'not unique name'); 
  end if;
  select count(*) into c from other_prods where name=:new.name;
  if c!=0 then
    raise_application_error(-20000,'not unique name'); 
  end if;
  select count(*) into c from rockets where name=:new.name;
  if c!=0 then
    raise_application_error(-20000,'not unique name'); 
  end if;
  select count(*) into c from hang_gliders where name=:new.name;
  if c!=0 then
    raise_application_error(-20000,'not unique name'); 
  end if;
  select count(*) into c from helicopters where name=:new.name;
  if c!=0 then
    raise_application_error(-20000,'not unique name'); 
  end if; 
  end if;   
  if :new.prod_id is null then
  select seq_products.nextval into id from dual;
  insert into products(id) values(id);
  :new.prod_id:=id;  
  end if;   
end;

/
ALTER TRIGGER "DB"."INS_PLANES" ENABLE;
--------------------------------------------------------
--  DDL for Trigger INS_ROCKETS
--------------------------------------------------------

  CREATE OR REPLACE NONEDITIONABLE TRIGGER "DB"."INS_ROCKETS" 
    before update or insert 
    ON rockets  
FOR EACH ROW
DECLARE
  c int; 
  id int;   
BEGIN
  if :old.name<>:new.name then
  select count(*) into c from gliders where name=:new.name;
  if c!=0 then
    raise_application_error(-20000,'not unique name'); 
  end if;
  select count(*) into c from other_prods where name=:new.name;
  if c!=0 then
    raise_application_error(-20000,'not unique name'); 
  end if;
  select count(*) into c from planes where name=:new.name;
  if c!=0 then
    raise_application_error(-20000,'not unique name'); 
  end if;
  select count(*) into c from hang_gliders where name=:new.name;
  if c!=0 then
    raise_application_error(-20000,'not unique name'); 
  end if;
  select count(*) into c from helicopters where name=:new.name;
  if c!=0 then
    raise_application_error(-20000,'not unique name'); 
  end if;
  end if;  
  if :new.prod_id is null then
  select seq_products.nextval into id from dual;
  insert into products(id) values(id);
  :new.prod_id:=id;  
  end if;   
end;

/
ALTER TRIGGER "DB"."INS_ROCKETS" ENABLE;
--------------------------------------------------------
--  DDL for Trigger NEXT_ACCOUNT
--------------------------------------------------------

  CREATE OR REPLACE NONEDITIONABLE TRIGGER "DB"."NEXT_ACCOUNT" 
BEFORE INSERT ON accounts 
FOR EACH ROW

BEGIN
  SELECT seq_accounts.NEXTVAL
  INTO   :new.id
  FROM   dual;
end;

/
ALTER TRIGGER "DB"."NEXT_ACCOUNT" ENABLE;
--------------------------------------------------------
--  DDL for Trigger NEXT_COLLECTORS
--------------------------------------------------------

  CREATE OR REPLACE NONEDITIONABLE TRIGGER "DB"."NEXT_COLLECTORS" 
BEFORE INSERT ON collectors 
FOR EACH ROW

BEGIN
  SELECT seq_collectors.NEXTVAL
  INTO   :new.id
  FROM   dual;
end;

/
ALTER TRIGGER "DB"."NEXT_COLLECTORS" ENABLE;
--------------------------------------------------------
--  DDL for Trigger NEXT_ENGINEERS
--------------------------------------------------------

  CREATE OR REPLACE NONEDITIONABLE TRIGGER "DB"."NEXT_ENGINEERS" 
BEFORE INSERT ON engineers 
FOR EACH ROW

BEGIN
  SELECT seq_engineers.NEXTVAL
  INTO   :new.id
  FROM   dual;
end;

/
ALTER TRIGGER "DB"."NEXT_ENGINEERS" ENABLE;
--------------------------------------------------------
--  DDL for Trigger NEXT_EXPERIMENTS
--------------------------------------------------------

  CREATE OR REPLACE NONEDITIONABLE TRIGGER "DB"."NEXT_EXPERIMENTS" 
BEFORE INSERT ON experiments 
FOR EACH ROW

BEGIN
  SELECT seq_experiments.NEXTVAL
  INTO   :new.id
  FROM   dual;
end;

/
ALTER TRIGGER "DB"."NEXT_EXPERIMENTS" ENABLE;
--------------------------------------------------------
--  DDL for Trigger NEXT_EXP_TOOLS
--------------------------------------------------------

  CREATE OR REPLACE NONEDITIONABLE TRIGGER "DB"."NEXT_EXP_TOOLS" 
BEFORE INSERT ON exp_tools 
FOR EACH ROW

BEGIN
  SELECT seq_exp_tools.NEXTVAL
  INTO   :new.id
  FROM   dual;
end;

/
ALTER TRIGGER "DB"."NEXT_EXP_TOOLS" ENABLE;
--------------------------------------------------------
--  DDL for Trigger NEXT_FITTERS
--------------------------------------------------------

  CREATE OR REPLACE NONEDITIONABLE TRIGGER "DB"."NEXT_FITTERS" 
BEFORE INSERT ON fitters 
FOR EACH ROW

BEGIN
  SELECT seq_fitters.NEXTVAL
  INTO   :new.id
  FROM   dual;
end;

/
ALTER TRIGGER "DB"."NEXT_FITTERS" ENABLE;
--------------------------------------------------------
--  DDL for Trigger NEXT_GLIDERS
--------------------------------------------------------

  CREATE OR REPLACE NONEDITIONABLE TRIGGER "DB"."NEXT_GLIDERS" 
BEFORE INSERT ON gliders 
FOR EACH ROW

BEGIN
  SELECT seq_gliders.NEXTVAL
  INTO   :new.id
  FROM   dual;
end;

/
ALTER TRIGGER "DB"."NEXT_GLIDERS" ENABLE;
--------------------------------------------------------
--  DDL for Trigger NEXT_HANG_GLIDERS
--------------------------------------------------------

  CREATE OR REPLACE NONEDITIONABLE TRIGGER "DB"."NEXT_HANG_GLIDERS" 
BEFORE INSERT ON hang_gliders 
FOR EACH ROW

BEGIN
  SELECT seq_hang_gliders.NEXTVAL
  INTO   :new.id
  FROM   dual;
end;

/
ALTER TRIGGER "DB"."NEXT_HANG_GLIDERS" ENABLE;
--------------------------------------------------------
--  DDL for Trigger NEXT_HELICOPTERS
--------------------------------------------------------

  CREATE OR REPLACE NONEDITIONABLE TRIGGER "DB"."NEXT_HELICOPTERS" 
BEFORE INSERT ON helicopters 
FOR EACH ROW

BEGIN
  SELECT seq_helicopters.NEXTVAL
  INTO   :new.id
  FROM   dual;
end;

/
ALTER TRIGGER "DB"."NEXT_HELICOPTERS" ENABLE;
--------------------------------------------------------
--  DDL for Trigger NEXT_INVESTIGATORS
--------------------------------------------------------

  CREATE OR REPLACE NONEDITIONABLE TRIGGER "DB"."NEXT_INVESTIGATORS" 
BEFORE INSERT ON investigators 
FOR EACH ROW

BEGIN
  SELECT seq_investigators.NEXTVAL
  INTO   :new.id
  FROM   dual;
end;
/
ALTER TRIGGER "DB"."NEXT_INVESTIGATORS" ENABLE;
--------------------------------------------------------
--  DDL for Trigger NEXT_JOBS
--------------------------------------------------------

  CREATE OR REPLACE NONEDITIONABLE TRIGGER "DB"."NEXT_JOBS" 
BEFORE INSERT ON jobs 
FOR EACH ROW

BEGIN
  SELECT seq_jobs.NEXTVAL
  INTO   :new.id
  FROM   dual;
end;

/
ALTER TRIGGER "DB"."NEXT_JOBS" ENABLE;
--------------------------------------------------------
--  DDL for Trigger NEXT_LABORATORIES
--------------------------------------------------------

  CREATE OR REPLACE NONEDITIONABLE TRIGGER "DB"."NEXT_LABORATORIES" 
BEFORE INSERT ON laboratories 
FOR EACH ROW

BEGIN
  SELECT seq_laboratories.NEXTVAL
  INTO   :new.id
  FROM   dual;
end;

/
ALTER TRIGGER "DB"."NEXT_LABORATORIES" ENABLE;
--------------------------------------------------------
--  DDL for Trigger NEXT_LAB_SUP_WS
--------------------------------------------------------

  CREATE OR REPLACE NONEDITIONABLE TRIGGER "DB"."NEXT_LAB_SUP_WS" 
BEFORE INSERT ON lab_sup_ws 
FOR EACH ROW

BEGIN
  SELECT seq_lab_sup_ws.NEXTVAL
  INTO   :new.id
  FROM   dual;
end;

/
ALTER TRIGGER "DB"."NEXT_LAB_SUP_WS" ENABLE;
--------------------------------------------------------
--  DDL for Trigger NEXT_MASTERS
--------------------------------------------------------

  CREATE OR REPLACE NONEDITIONABLE TRIGGER "DB"."NEXT_MASTERS" 
BEFORE INSERT ON masters 
FOR EACH ROW

BEGIN
  SELECT seq_masters.NEXTVAL
  INTO   :new.id
  FROM   dual;
end;

/
ALTER TRIGGER "DB"."NEXT_MASTERS" ENABLE;
--------------------------------------------------------
--  DDL for Trigger NEXT_OTHER_PRODS
--------------------------------------------------------

  CREATE OR REPLACE NONEDITIONABLE TRIGGER "DB"."NEXT_OTHER_PRODS" 
BEFORE INSERT ON other_prods 
FOR EACH ROW

BEGIN
  SELECT seq_other_prods.NEXTVAL
  INTO   :new.id
  FROM   dual;
end;

/
ALTER TRIGGER "DB"."NEXT_OTHER_PRODS" ENABLE;
--------------------------------------------------------
--  DDL for Trigger NEXT_OTHER_WORKERS
--------------------------------------------------------

  CREATE OR REPLACE NONEDITIONABLE TRIGGER "DB"."NEXT_OTHER_WORKERS" 
BEFORE INSERT ON other_workers 
FOR EACH ROW

BEGIN
  SELECT seq_other_workers.NEXTVAL
  INTO   :new.id
  FROM   dual;
end;
/
ALTER TRIGGER "DB"."NEXT_OTHER_WORKERS" ENABLE;
--------------------------------------------------------
--  DDL for Trigger NEXT_PLANES
--------------------------------------------------------

  CREATE OR REPLACE NONEDITIONABLE TRIGGER "DB"."NEXT_PLANES" 
BEFORE INSERT ON planes 
FOR EACH ROW

BEGIN
  SELECT seq_planes.NEXTVAL
  INTO   :new.id
  FROM   dual;
end;

/
ALTER TRIGGER "DB"."NEXT_PLANES" ENABLE;
--------------------------------------------------------
--  DDL for Trigger NEXT_PRODUCTS_EXPS
--------------------------------------------------------

  CREATE OR REPLACE NONEDITIONABLE TRIGGER "DB"."NEXT_PRODUCTS_EXPS" 
BEFORE INSERT ON products_exps 
FOR EACH ROW

BEGIN
  SELECT seq_products_exps.NEXTVAL
  INTO   :new.id
  FROM   dual;
end;

/
ALTER TRIGGER "DB"."NEXT_PRODUCTS_EXPS" ENABLE;
--------------------------------------------------------
--  DDL for Trigger NEXT_PRODUCTS_JOBS
--------------------------------------------------------

  CREATE OR REPLACE NONEDITIONABLE TRIGGER "DB"."NEXT_PRODUCTS_JOBS" 
BEFORE INSERT ON products_jobs 
FOR EACH ROW

BEGIN
  SELECT seq_products_jobs.NEXTVAL
  INTO   :new.id
  FROM   dual;
end;

/
ALTER TRIGGER "DB"."NEXT_PRODUCTS_JOBS" ENABLE;
--------------------------------------------------------
--  DDL for Trigger NEXT_ROCKETS
--------------------------------------------------------

  CREATE OR REPLACE NONEDITIONABLE TRIGGER "DB"."NEXT_ROCKETS" 
BEFORE INSERT ON rockets 
FOR EACH ROW

BEGIN
  SELECT seq_rockets.NEXTVAL
  INTO   :new.id
  FROM   dual;
end;

/
ALTER TRIGGER "DB"."NEXT_ROCKETS" ENABLE;
--------------------------------------------------------
--  DDL for Trigger NEXT_SECTORS
--------------------------------------------------------

  CREATE OR REPLACE NONEDITIONABLE TRIGGER "DB"."NEXT_SECTORS" 
BEFORE INSERT ON sectors 
FOR EACH ROW

BEGIN
  SELECT seq_sectors.NEXTVAL
  INTO   :new.id
  FROM   dual;
end;

/
ALTER TRIGGER "DB"."NEXT_SECTORS" ENABLE;
--------------------------------------------------------
--  DDL for Trigger NEXT_TEAMS
--------------------------------------------------------

  CREATE OR REPLACE NONEDITIONABLE TRIGGER "DB"."NEXT_TEAMS" 
BEFORE INSERT ON teams 
FOR EACH ROW

BEGIN
  SELECT seq_teams.NEXTVAL
  INTO   :new.id
  FROM   dual;
end;

/
ALTER TRIGGER "DB"."NEXT_TEAMS" ENABLE;
--------------------------------------------------------
--  DDL for Trigger NEXT_TECHNICIANS
--------------------------------------------------------

  CREATE OR REPLACE NONEDITIONABLE TRIGGER "DB"."NEXT_TECHNICIANS" 
BEFORE INSERT ON technicians 
FOR EACH ROW

BEGIN
  SELECT seq_technicians.NEXTVAL
  INTO   :new.id
  FROM   dual;
end;

/
ALTER TRIGGER "DB"."NEXT_TECHNICIANS" ENABLE;
--------------------------------------------------------
--  DDL for Trigger NEXT_TECHNICS
--------------------------------------------------------

  CREATE OR REPLACE NONEDITIONABLE TRIGGER "DB"."NEXT_TECHNICS" 
BEFORE INSERT ON technics 
FOR EACH ROW

BEGIN
  SELECT seq_technics.NEXTVAL
  INTO   :new.id
  FROM   dual;
end;
/
ALTER TRIGGER "DB"."NEXT_TECHNICS" ENABLE;
--------------------------------------------------------
--  DDL for Trigger NEXT_TECHNOLOGISTS
--------------------------------------------------------

  CREATE OR REPLACE NONEDITIONABLE TRIGGER "DB"."NEXT_TECHNOLOGISTS" 
BEFORE INSERT ON technologists 
FOR EACH ROW

BEGIN
  SELECT seq_technologists.NEXTVAL
  INTO   :new.id
  FROM   dual;
end;

/
ALTER TRIGGER "DB"."NEXT_TECHNOLOGISTS" ENABLE;
--------------------------------------------------------
--  DDL for Trigger NEXT_TOOLS
--------------------------------------------------------

  CREATE OR REPLACE NONEDITIONABLE TRIGGER "DB"."NEXT_TOOLS" 
BEFORE INSERT ON tools 
FOR EACH ROW

BEGIN
  SELECT seq_tools.NEXTVAL
  INTO   :new.id
  FROM   dual;
end;

/
ALTER TRIGGER "DB"."NEXT_TOOLS" ENABLE;
--------------------------------------------------------
--  DDL for Trigger NEXT_TURNERS
--------------------------------------------------------

  CREATE OR REPLACE NONEDITIONABLE TRIGGER "DB"."NEXT_TURNERS" 
BEFORE INSERT ON turners 
FOR EACH ROW

BEGIN
  SELECT seq_turners.NEXTVAL
  INTO   :new.id
  FROM   dual;
end;

/
ALTER TRIGGER "DB"."NEXT_TURNERS" ENABLE;
--------------------------------------------------------
--  DDL for Trigger NEXT_WELDERS
--------------------------------------------------------

  CREATE OR REPLACE NONEDITIONABLE TRIGGER "DB"."NEXT_WELDERS" 
BEFORE INSERT ON welders 
FOR EACH ROW

BEGIN
  SELECT seq_welders.NEXTVAL
  INTO   :new.id
  FROM   dual;
end;

/
ALTER TRIGGER "DB"."NEXT_WELDERS" ENABLE;
--------------------------------------------------------
--  DDL for Trigger NEXT_WORKERS
--------------------------------------------------------

  CREATE OR REPLACE NONEDITIONABLE TRIGGER "DB"."NEXT_WORKERS" 
BEFORE INSERT ON workers 
FOR EACH ROW

BEGIN
  SELECT seq_workers.NEXTVAL
  INTO   :new.id
  FROM   dual;
end;

/
ALTER TRIGGER "DB"."NEXT_WORKERS" ENABLE;
--------------------------------------------------------
--  DDL for Trigger NEXT_WORKSHOPS
--------------------------------------------------------

  CREATE OR REPLACE NONEDITIONABLE TRIGGER "DB"."NEXT_WORKSHOPS" 
BEFORE INSERT ON workshops 
FOR EACH ROW

BEGIN
  SELECT seq_workshops.NEXTVAL
  INTO   :new.id
  FROM   dual;
end;

/
ALTER TRIGGER "DB"."NEXT_WORKSHOPS" ENABLE;
--------------------------------------------------------
--  DDL for Trigger UNIQUE_COL
--------------------------------------------------------

  CREATE OR REPLACE NONEDITIONABLE TRIGGER "DB"."UNIQUE_COL" 
    before 
    UPDATE OR insert 
    ON collectors   
FOR EACH ROW    
DECLARE
   c int;
BEGIN
  if :new.work_id<>:old.work_id or :old.work_id is null then
  select count(*) into c from welders where work_id=:new.work_id;
  if c!=0 then
    raise_application_error(-20000,'worker has profession'); 
  end if;
  select count(*) into c from turners where work_id=:new.work_id;
  if c!=0 then
    raise_application_error(-20000,'worker has profession'); 
  end if;
  select count(*) into c from fitters where work_id=:new.work_id;
  if c!=0 then
    raise_application_error(-20000,'worker has profession'); 
  end if;
  select count(*) into c from other_workers where work_id=:new.work_id;
  if c!=0 then
    raise_application_error(-20000,'worker has profession'); 
  end if;   
  end if;   
end;

/
ALTER TRIGGER "DB"."UNIQUE_COL" ENABLE;
--------------------------------------------------------
--  DDL for Trigger UNIQUE_ENGINEERS
--------------------------------------------------------

  CREATE OR REPLACE NONEDITIONABLE TRIGGER "DB"."UNIQUE_ENGINEERS" 
    before 
    UPDATE OR insert 
    ON engineers 
FOR EACH ROW    
DECLARE
   c int;
BEGIN
  if :new.tech_id<>:old.tech_id or :old.tech_id is null then
  select count(*) into c from technicians where tech_id=:new.tech_id;
  if c!=0 then
    raise_application_error(-20000,'technic has profession'); 
  end if;
  select count(*) into c from technologists where tech_id=:new.tech_id;
  if c!=0 then
    raise_application_error(-20000,'technic has profession'); 
  end if;   
  end if;
end;

/
ALTER TRIGGER "DB"."UNIQUE_ENGINEERS" ENABLE;
--------------------------------------------------------
--  DDL for Trigger UNIQUE_FITTERS
--------------------------------------------------------

  CREATE OR REPLACE NONEDITIONABLE TRIGGER "DB"."UNIQUE_FITTERS" 
    before 
    UPDATE OR insert 
    ON fitters   
FOR EACH ROW    
DECLARE
   c int;
BEGIN
  if :new.work_id<>:old.work_id or :old.work_id is null then
  select count(*) into c from welders where work_id=:new.work_id;
  if c!=0 then
    raise_application_error(-20000,'worker has profession'); 
  end if;
  select count(*) into c from collectors where work_id=:new.work_id;
  if c!=0 then
    raise_application_error(-20000,'worker has profession'); 
  end if;
  select count(*) into c from turners where work_id=:new.work_id;
  if c!=0 then
    raise_application_error(-20000,'worker has profession'); 
  end if;
  select count(*) into c from other_workers where work_id=:new.work_id;
  if c!=0 then
    raise_application_error(-20000,'worker has profession'); 
  end if;   
  end if;   
end;

/
ALTER TRIGGER "DB"."UNIQUE_FITTERS" ENABLE;
--------------------------------------------------------
--  DDL for Trigger UNIQUE_MASTERS
--------------------------------------------------------

  CREATE OR REPLACE NONEDITIONABLE TRIGGER "DB"."UNIQUE_MASTERS" 
    before 
    UPDATE OR insert 
    ON masters 
FOR EACH ROW    
DECLARE
   c int;
BEGIN
  if :new.tech_id<>:old.tech_id or :old.tech_id is null then
  select count(*) into c from workshops where tech_id=:new.tech_id;
  if c!=0 then
    raise_application_error(-20000,'technic has other job'); 
  end if;
  select count(*) into c from sectors where tech_id=:new.tech_id;
  if c!=0 then
    raise_application_error(-20000,'technic has job'); 
  end if;   
  end if;
end;

/
ALTER TRIGGER "DB"."UNIQUE_MASTERS" ENABLE;
--------------------------------------------------------
--  DDL for Trigger UNIQUE_OTHER_WORKERS
--------------------------------------------------------

  CREATE OR REPLACE NONEDITIONABLE TRIGGER "DB"."UNIQUE_OTHER_WORKERS" 
    before 
    UPDATE OR insert 
    ON other_workers 
FOR EACH ROW    
DECLARE
   c int;
BEGIN
  if :new.work_id<>:old.work_id or :old.work_id is null then
  select count(*) into c from welders where work_id=:new.work_id;
  if c!=0 then
    raise_application_error(-20000,'worker has profession'); 
  end if;
  select count(*) into c from collectors where work_id=:new.work_id;
  if c!=0 then
    raise_application_error(-20000,'worker has profession'); 
  end if;
  select count(*) into c from turners where work_id=:new.work_id;
  if c!=0 then
    raise_application_error(-20000,'worker has profession'); 
  end if;
  select count(*) into c from fitters where work_id=:new.work_id;
  if c!=0 then
    raise_application_error(-20000,'worker has profession'); 
  end if;   
  end if;   
end;

/
ALTER TRIGGER "DB"."UNIQUE_OTHER_WORKERS" ENABLE;
--------------------------------------------------------
--  DDL for Trigger UNIQUE_SECTORS_LEADS
--------------------------------------------------------

  CREATE OR REPLACE NONEDITIONABLE TRIGGER "DB"."UNIQUE_SECTORS_LEADS" 
    before 
    UPDATE OR insert 
    ON sectors
FOR EACH ROW    
DECLARE
   c int;
BEGIN
  if :new.tech_id<>:old.tech_id or :old.tech_id is null then
  select count(*) into c from workshops where tech_id=:new.tech_id;
  if c!=0 then
    raise_application_error(-20000,'technic has profession'); 
  end if;
  select count(*) into c from masters where tech_id=:new.tech_id;
  if c!=0 then
    raise_application_error(-20000,'technic has profession'); 
  end if;   
  end if;
end;

/
ALTER TRIGGER "DB"."UNIQUE_SECTORS_LEADS" ENABLE;
--------------------------------------------------------
--  DDL for Trigger UNIQUE_TECHNICIANS
--------------------------------------------------------

  CREATE OR REPLACE NONEDITIONABLE TRIGGER "DB"."UNIQUE_TECHNICIANS" 
    before 
    UPDATE OR insert 
    ON technicians 
FOR EACH ROW    
DECLARE
   c int;
BEGIN
  if :new.tech_id<>:old.tech_id or :old.tech_id is null then
  select count(*) into c from engineers where tech_id=:new.tech_id;
  if c!=0 then
    raise_application_error(-20000,'technic has profession'); 
  end if;
  select count(*) into c from technologists where tech_id=:new.tech_id;
  if c!=0 then
    raise_application_error(-20000,'technic has profession'); 
  end if;   
  end if;
end;

/
ALTER TRIGGER "DB"."UNIQUE_TECHNICIANS" ENABLE;
--------------------------------------------------------
--  DDL for Trigger UNIQUE_TECHNOLOGISTS
--------------------------------------------------------

  CREATE OR REPLACE NONEDITIONABLE TRIGGER "DB"."UNIQUE_TECHNOLOGISTS" 
    before 
    UPDATE OR insert 
    ON technologists 
FOR EACH ROW    
DECLARE
   c int;
BEGIN
  if :new.tech_id<>:old.tech_id or :old.tech_id is null then
  select count(*) into c from technicians where tech_id=:new.tech_id;
  if c!=0 then
    raise_application_error(-20000,'technic has profession'); 
  end if;
  select count(*) into c from engineers where tech_id=:new.tech_id;
  if c!=0 then
    raise_application_error(-20000,'technic has profession'); 
  end if;   
  end if;
end;

/
ALTER TRIGGER "DB"."UNIQUE_TECHNOLOGISTS" ENABLE;
--------------------------------------------------------
--  DDL for Trigger UNIQUE_TURNERS
--------------------------------------------------------

  CREATE OR REPLACE NONEDITIONABLE TRIGGER "DB"."UNIQUE_TURNERS" 
    before 
    UPDATE OR insert 
    ON turners   
FOR EACH ROW    
DECLARE
   c int;
BEGIN
  if :new.work_id<>:old.work_id or :old.work_id is null then
  select count(*) into c from welders where work_id=:new.work_id;
  if c!=0 then
    raise_application_error(-20000,'worker has profession'); 
  end if;
  select count(*) into c from collectors where work_id=:new.work_id;
  if c!=0 then
    raise_application_error(-20000,'worker has profession'); 
  end if;
  select count(*) into c from fitters where work_id=:new.work_id;
  if c!=0 then
    raise_application_error(-20000,'worker has profession'); 
  end if;
  select count(*) into c from other_workers where work_id=:new.work_id;
  if c!=0 then
    raise_application_error(-20000,'worker has profession'); 
  end if;   
  end if;   
end;

/
ALTER TRIGGER "DB"."UNIQUE_TURNERS" ENABLE;
--------------------------------------------------------
--  DDL for Trigger UNIQUE_WELDERS
--------------------------------------------------------

  CREATE OR REPLACE NONEDITIONABLE TRIGGER "DB"."UNIQUE_WELDERS" 
    before 
    UPDATE OR insert 
    ON welders   
FOR EACH ROW    
DECLARE
   c int;
BEGIN
  if :new.work_id<>:old.work_id or :old.work_id is null then
  select count(*) into c from collectors where work_id=:new.work_id;
  if c!=0 then
    raise_application_error(-20000,'worker has profession'); 
  end if;
  select count(*) into c from turners where work_id=:new.work_id;
  if c!=0 then
    raise_application_error(-20000,'worker has profession'); 
  end if;
  select count(*) into c from fitters where work_id=:new.work_id;
  if c!=0 then
    raise_application_error(-20000,'worker has profession'); 
  end if;
  select count(*) into c from other_workers where work_id=:new.work_id;
  if c!=0 then
    raise_application_error(-20000,'worker has profession'); 
  end if;   
  end if;   
end;

/
ALTER TRIGGER "DB"."UNIQUE_WELDERS" ENABLE;
--------------------------------------------------------
--  DDL for Trigger UNIQUE_WORKSHOPS_LEAD
--------------------------------------------------------

  CREATE OR REPLACE NONEDITIONABLE TRIGGER "DB"."UNIQUE_WORKSHOPS_LEAD" 
    before 
    UPDATE OR insert 
    ON workshops 
FOR EACH ROW    
DECLARE
   c int;
BEGIN
  if :new.tech_id<>:old.tech_id or :old.tech_id is null then
  select count(*) into c from masters where tech_id=:new.tech_id;
  if c!=0 then
    raise_application_error(-20000,'technic has profession'); 
  end if;
  select count(*) into c from sectors where tech_id=:new.tech_id;
  if c!=0 then
    raise_application_error(-20000,'technic has profession'); 
  end if;   
  end if;
end;

/
ALTER TRIGGER "DB"."UNIQUE_WORKSHOPS_LEAD" ENABLE;
--------------------------------------------------------
--  DDL for Trigger UNIQUE_WS_PROD
--------------------------------------------------------

  CREATE OR REPLACE NONEDITIONABLE TRIGGER "DB"."UNIQUE_WS_PROD" 
    before 
    UPDATE OR insert 
    ON products_jobs
FOR EACH ROW    
DECLARE
   id1 int;
   id2 int;
BEGIN
  if :new.prod_id<>:old.prod_id or :new.job_id<>:old.job_id or :old.job_id is null  then
    select workshop_id into id1 from sectors where id in (select sec_id from jobs where id=:new.job_id);
    select workshop_id into id2 from products where id in :new.prod_id;
    if id1<>id2 then 
      raise_application_error(-20000,'multiple workshops for product'); 
  	end if;
  end if;
end;

/
ALTER TRIGGER "DB"."UNIQUE_WS_PROD" ENABLE;
--------------------------------------------------------
--  DDL for Trigger UPDATE_LEAD_ID
--------------------------------------------------------

  CREATE OR REPLACE NONEDITIONABLE TRIGGER "DB"."UPDATE_LEAD_ID" 
    before update  
    ON workers  
FOR EACH ROW    
DECLARE
  c int;
BEGIN
  if :new.team_id<>:old.team_id then
    select count(*) into c from teams where id=:new.team_id and lead_id is null;
    if c<>0 then
      update teams set lead_id=:new.id where id=:new.team_id;  
    end if;
  end if;
end;

/
ALTER TRIGGER "DB"."UPDATE_LEAD_ID" ENABLE;
--------------------------------------------------------
--  DDL for Trigger UPDATE_LS_GLIDERS
--------------------------------------------------------

  CREATE OR REPLACE NONEDITIONABLE TRIGGER "DB"."UPDATE_LS_GLIDERS" 
    before update 
    ON gliders  
FOR EACH ROW    
BEGIN
  if :old.prod_id<>:new.prod_id then
    raise_application_error(-20000,'could not update prod_id'); 
  end if;   
end;

/
ALTER TRIGGER "DB"."UPDATE_LS_GLIDERS" ENABLE;
--------------------------------------------------------
--  DDL for Trigger UPDATE_LS_HANG_GLIDERS
--------------------------------------------------------

  CREATE OR REPLACE NONEDITIONABLE TRIGGER "DB"."UPDATE_LS_HANG_GLIDERS" 
    before update 
    ON hang_gliders  
FOR EACH ROW    
BEGIN
  if :old.prod_id<>:new.prod_id then
    raise_application_error(-20000,'could not update prod_id'); 
  end if;   
end;

/
ALTER TRIGGER "DB"."UPDATE_LS_HANG_GLIDERS" ENABLE;
--------------------------------------------------------
--  DDL for Trigger UPDATE_LS_HELICOPTERS
--------------------------------------------------------

  CREATE OR REPLACE NONEDITIONABLE TRIGGER "DB"."UPDATE_LS_HELICOPTERS" 
    before update 
    ON helicopters  
FOR EACH ROW    
BEGIN
  if :old.prod_id<>:new.prod_id then
    raise_application_error(-20000,'could not update prod_id'); 
  end if;   
end;

/
ALTER TRIGGER "DB"."UPDATE_LS_HELICOPTERS" ENABLE;
--------------------------------------------------------
--  DDL for Trigger UPDATE_LS_OTHER_PRODS
--------------------------------------------------------

  CREATE OR REPLACE NONEDITIONABLE TRIGGER "DB"."UPDATE_LS_OTHER_PRODS" 
    before update 
    ON other_prods  
FOR EACH ROW    
BEGIN
  if :old.prod_id<>:new.prod_id then
    raise_application_error(-20000,'could not update prod_id'); 
  end if;   
end;

/
ALTER TRIGGER "DB"."UPDATE_LS_OTHER_PRODS" ENABLE;
--------------------------------------------------------
--  DDL for Trigger UPDATE_LS_PLANES
--------------------------------------------------------

  CREATE OR REPLACE NONEDITIONABLE TRIGGER "DB"."UPDATE_LS_PLANES" 
    before update 
    ON planes  
FOR EACH ROW    
BEGIN
  if :old.prod_id<>:new.prod_id then
    raise_application_error(-20000,'could not update prod_id'); 
  end if;   
end;

/
ALTER TRIGGER "DB"."UPDATE_LS_PLANES" ENABLE;
--------------------------------------------------------
--  DDL for Trigger UPDATE_LS_ROCKETS
--------------------------------------------------------

  CREATE OR REPLACE NONEDITIONABLE TRIGGER "DB"."UPDATE_LS_ROCKETS" 
    before update 
    ON rockets  
FOR EACH ROW    
BEGIN
  if :old.prod_id<>:new.prod_id then
    raise_application_error(-20000,'could not update prod_id'); 
  end if;   
end;

/
ALTER TRIGGER "DB"."UPDATE_LS_ROCKETS" ENABLE;
--------------------------------------------------------
--  DDL for Trigger UPDATE_TEAM_ID
--------------------------------------------------------

  CREATE OR REPLACE NONEDITIONABLE TRIGGER "DB"."UPDATE_TEAM_ID" 
    after update 
    ON teams  
FOR EACH ROW    
DECLARE
  c int;
BEGIN
  if :new.lead_id<>:old.lead_id then
    select count(*) into c from workers where id=:new.lead_id and team_id is not null and team_id<>:new.id;
    if c<>0 then
      raise_application_error(-20000,'worker has other team');
    else
      update workers set team_id= case id 
                            when :new.lead_id then :new.id 
                            when :old.lead_id then null 
                            else team_id end 
                            where id in(:new.lead_id,:old.lead_id);  
    end if;
  end if;
end;

/
ALTER TRIGGER "DB"."UPDATE_TEAM_ID" ENABLE;
--------------------------------------------------------
--  DDL for Trigger VER_LAB_SUP_WS
--------------------------------------------------------

  CREATE OR REPLACE NONEDITIONABLE TRIGGER "DB"."VER_LAB_SUP_WS" 
    before 
    UPDATE OR insert 
    ON products_exps
FOR EACH ROW    
DECLARE
   id1 int;
BEGIN
  if :new.prod_id<>:old.prod_id or :new.exp_id<>:old.exp_id or :old.prod_id is null   then
    select count(*) into id1 from
    (select workshop_id from products where id = :new.prod_id) 
    where workshop_id in 
    (select ws_id from lab_sup_ws 
    where lab_id in
    (select lab_id from tools 
    where id in 
    (select tool_id from exp_tools 
    where exp_id=:new.exp_id)));
    if id1=0 then 
      raise_application_error(-20000,'workshop does not supports with laboratories');
    end if; 
  end if;
end;
/
ALTER TRIGGER "DB"."VER_LAB_SUP_WS" ENABLE;
--------------------------------------------------------
--  Constraints for Table TECHNICIANS
--------------------------------------------------------

  ALTER TABLE "DB"."TECHNICIANS" MODIFY ("ID" NOT NULL ENABLE);
  ALTER TABLE "DB"."TECHNICIANS" MODIFY ("CATEGORY" NOT NULL ENABLE);
  ALTER TABLE "DB"."TECHNICIANS" MODIFY ("TECH_ID" NOT NULL ENABLE);
  ALTER TABLE "DB"."TECHNICIANS" ADD PRIMARY KEY ("ID")
  USING INDEX PCTFREE 10 INITRANS 2 MAXTRANS 255 COMPUTE STATISTICS 
  STORAGE(INITIAL 65536 NEXT 1048576 MINEXTENTS 1 MAXEXTENTS 2147483645
  PCTINCREASE 0 FREELISTS 1 FREELIST GROUPS 1
  BUFFER_POOL DEFAULT FLASH_CACHE DEFAULT CELL_FLASH_CACHE DEFAULT)
  TABLESPACE "USERS"  ENABLE;
  ALTER TABLE "DB"."TECHNICIANS" ADD CONSTRAINT "UNIQ_TECH_ID_TECH" UNIQUE ("TECH_ID")
  USING INDEX PCTFREE 10 INITRANS 2 MAXTRANS 255 COMPUTE STATISTICS 
  STORAGE(INITIAL 65536 NEXT 1048576 MINEXTENTS 1 MAXEXTENTS 2147483645
  PCTINCREASE 0 FREELISTS 1 FREELIST GROUPS 1
  BUFFER_POOL DEFAULT FLASH_CACHE DEFAULT CELL_FLASH_CACHE DEFAULT)
  TABLESPACE "USERS"  ENABLE;
--------------------------------------------------------
--  Constraints for Table ENGINEERS
--------------------------------------------------------

  ALTER TABLE "DB"."ENGINEERS" MODIFY ("ID" NOT NULL ENABLE);
  ALTER TABLE "DB"."ENGINEERS" MODIFY ("SPECIALIZATION" NOT NULL ENABLE);
  ALTER TABLE "DB"."ENGINEERS" MODIFY ("TECH_ID" NOT NULL ENABLE);
  ALTER TABLE "DB"."ENGINEERS" ADD PRIMARY KEY ("ID")
  USING INDEX PCTFREE 10 INITRANS 2 MAXTRANS 255 COMPUTE STATISTICS 
  STORAGE(INITIAL 65536 NEXT 1048576 MINEXTENTS 1 MAXEXTENTS 2147483645
  PCTINCREASE 0 FREELISTS 1 FREELIST GROUPS 1
  BUFFER_POOL DEFAULT FLASH_CACHE DEFAULT CELL_FLASH_CACHE DEFAULT)
  TABLESPACE "USERS"  ENABLE;
  ALTER TABLE "DB"."ENGINEERS" ADD CONSTRAINT "UNIQ_TECH_ID_ENG" UNIQUE ("TECH_ID")
  USING INDEX PCTFREE 10 INITRANS 2 MAXTRANS 255 COMPUTE STATISTICS 
  STORAGE(INITIAL 65536 NEXT 1048576 MINEXTENTS 1 MAXEXTENTS 2147483645
  PCTINCREASE 0 FREELISTS 1 FREELIST GROUPS 1
  BUFFER_POOL DEFAULT FLASH_CACHE DEFAULT CELL_FLASH_CACHE DEFAULT)
  TABLESPACE "USERS"  ENABLE;
--------------------------------------------------------
--  Constraints for Table GLIDERS
--------------------------------------------------------

  ALTER TABLE "DB"."GLIDERS" MODIFY ("ID" NOT NULL ENABLE);
  ALTER TABLE "DB"."GLIDERS" MODIFY ("WINGSPAN" NOT NULL ENABLE);
  ALTER TABLE "DB"."GLIDERS" MODIFY ("NAME" NOT NULL ENABLE);
  ALTER TABLE "DB"."GLIDERS" MODIFY ("PROD_ID" NOT NULL ENABLE);
  ALTER TABLE "DB"."GLIDERS" ADD CHECK (wingspan>0) ENABLE;
  ALTER TABLE "DB"."GLIDERS" ADD PRIMARY KEY ("ID")
  USING INDEX PCTFREE 10 INITRANS 2 MAXTRANS 255 COMPUTE STATISTICS 
  STORAGE(INITIAL 65536 NEXT 1048576 MINEXTENTS 1 MAXEXTENTS 2147483645
  PCTINCREASE 0 FREELISTS 1 FREELIST GROUPS 1
  BUFFER_POOL DEFAULT FLASH_CACHE DEFAULT CELL_FLASH_CACHE DEFAULT)
  TABLESPACE "USERS"  ENABLE;
  ALTER TABLE "DB"."GLIDERS" ADD CONSTRAINT "UNIQ_NAME_GLID" UNIQUE ("NAME")
  USING INDEX PCTFREE 10 INITRANS 2 MAXTRANS 255 COMPUTE STATISTICS 
  STORAGE(INITIAL 65536 NEXT 1048576 MINEXTENTS 1 MAXEXTENTS 2147483645
  PCTINCREASE 0 FREELISTS 1 FREELIST GROUPS 1
  BUFFER_POOL DEFAULT FLASH_CACHE DEFAULT CELL_FLASH_CACHE DEFAULT)
  TABLESPACE "USERS"  ENABLE;
--------------------------------------------------------
--  Constraints for Table SECTORS
--------------------------------------------------------

  ALTER TABLE "DB"."SECTORS" MODIFY ("ID" NOT NULL ENABLE);
  ALTER TABLE "DB"."SECTORS" MODIFY ("NAME" NOT NULL ENABLE);
  ALTER TABLE "DB"."SECTORS" MODIFY ("WORKSHOP_ID" NOT NULL ENABLE);
  ALTER TABLE "DB"."SECTORS" ADD PRIMARY KEY ("ID")
  USING INDEX PCTFREE 10 INITRANS 2 MAXTRANS 255 COMPUTE STATISTICS 
  STORAGE(INITIAL 65536 NEXT 1048576 MINEXTENTS 1 MAXEXTENTS 2147483645
  PCTINCREASE 0 FREELISTS 1 FREELIST GROUPS 1
  BUFFER_POOL DEFAULT FLASH_CACHE DEFAULT CELL_FLASH_CACHE DEFAULT)
  TABLESPACE "USERS"  ENABLE;
  ALTER TABLE "DB"."SECTORS" ADD CONSTRAINT "UNIQ_TECH_ID_SEC" UNIQUE ("TECH_ID")
  USING INDEX PCTFREE 10 INITRANS 2 MAXTRANS 255 COMPUTE STATISTICS 
  STORAGE(INITIAL 65536 NEXT 1048576 MINEXTENTS 1 MAXEXTENTS 2147483645
  PCTINCREASE 0 FREELISTS 1 FREELIST GROUPS 1
  BUFFER_POOL DEFAULT FLASH_CACHE DEFAULT CELL_FLASH_CACHE DEFAULT)
  TABLESPACE "USERS"  ENABLE;
  ALTER TABLE "DB"."SECTORS" ADD CONSTRAINT "UNIQUE_SEC_NAME" UNIQUE ("NAME")
  USING INDEX PCTFREE 10 INITRANS 2 MAXTRANS 255 COMPUTE STATISTICS 
  STORAGE(INITIAL 65536 NEXT 1048576 MINEXTENTS 1 MAXEXTENTS 2147483645
  PCTINCREASE 0 FREELISTS 1 FREELIST GROUPS 1
  BUFFER_POOL DEFAULT FLASH_CACHE DEFAULT CELL_FLASH_CACHE DEFAULT)
  TABLESPACE "USERS"  ENABLE;
--------------------------------------------------------
--  Constraints for Table WELDERS
--------------------------------------------------------

  ALTER TABLE "DB"."WELDERS" MODIFY ("ID" NOT NULL ENABLE);
  ALTER TABLE "DB"."WELDERS" MODIFY ("SPECIALIZATION" NOT NULL ENABLE);
  ALTER TABLE "DB"."WELDERS" MODIFY ("WORK_ID" NOT NULL ENABLE);
  ALTER TABLE "DB"."WELDERS" ADD PRIMARY KEY ("ID")
  USING INDEX PCTFREE 10 INITRANS 2 MAXTRANS 255 COMPUTE STATISTICS 
  STORAGE(INITIAL 65536 NEXT 1048576 MINEXTENTS 1 MAXEXTENTS 2147483645
  PCTINCREASE 0 FREELISTS 1 FREELIST GROUPS 1
  BUFFER_POOL DEFAULT FLASH_CACHE DEFAULT CELL_FLASH_CACHE DEFAULT)
  TABLESPACE "USERS"  ENABLE;
  ALTER TABLE "DB"."WELDERS" ADD CONSTRAINT "UNIQ_WORK_ID_WELD" UNIQUE ("WORK_ID")
  USING INDEX PCTFREE 10 INITRANS 2 MAXTRANS 255 COMPUTE STATISTICS 
  STORAGE(INITIAL 65536 NEXT 1048576 MINEXTENTS 1 MAXEXTENTS 2147483645
  PCTINCREASE 0 FREELISTS 1 FREELIST GROUPS 1
  BUFFER_POOL DEFAULT FLASH_CACHE DEFAULT CELL_FLASH_CACHE DEFAULT)
  TABLESPACE "USERS"  ENABLE;
--------------------------------------------------------
--  Constraints for Table OTHER_PRODS
--------------------------------------------------------

  ALTER TABLE "DB"."OTHER_PRODS" MODIFY ("ID" NOT NULL ENABLE);
  ALTER TABLE "DB"."OTHER_PRODS" MODIFY ("TYPE_PROD" NOT NULL ENABLE);
  ALTER TABLE "DB"."OTHER_PRODS" MODIFY ("NAME" NOT NULL ENABLE);
  ALTER TABLE "DB"."OTHER_PRODS" MODIFY ("PROD_ID" NOT NULL ENABLE);
  ALTER TABLE "DB"."OTHER_PRODS" ADD PRIMARY KEY ("ID")
  USING INDEX PCTFREE 10 INITRANS 2 MAXTRANS 255 COMPUTE STATISTICS 
  STORAGE(INITIAL 65536 NEXT 1048576 MINEXTENTS 1 MAXEXTENTS 2147483645
  PCTINCREASE 0 FREELISTS 1 FREELIST GROUPS 1
  BUFFER_POOL DEFAULT FLASH_CACHE DEFAULT CELL_FLASH_CACHE DEFAULT)
  TABLESPACE "USERS"  ENABLE;
  ALTER TABLE "DB"."OTHER_PRODS" ADD CONSTRAINT "UNIQ_NAME_OTHER_PROD" UNIQUE ("NAME")
  USING INDEX PCTFREE 10 INITRANS 2 MAXTRANS 255 COMPUTE STATISTICS 
  STORAGE(INITIAL 65536 NEXT 1048576 MINEXTENTS 1 MAXEXTENTS 2147483645
  PCTINCREASE 0 FREELISTS 1 FREELIST GROUPS 1
  BUFFER_POOL DEFAULT FLASH_CACHE DEFAULT CELL_FLASH_CACHE DEFAULT)
  TABLESPACE "USERS"  ENABLE;
--------------------------------------------------------
--  Constraints for Table JOBS
--------------------------------------------------------

  ALTER TABLE "DB"."JOBS" MODIFY ("ID" NOT NULL ENABLE);
  ALTER TABLE "DB"."JOBS" MODIFY ("NAME" NOT NULL ENABLE);
  ALTER TABLE "DB"."JOBS" MODIFY ("SEC_ID" NOT NULL ENABLE);
  ALTER TABLE "DB"."JOBS" ADD PRIMARY KEY ("ID")
  USING INDEX PCTFREE 10 INITRANS 2 MAXTRANS 255 COMPUTE STATISTICS 
  STORAGE(INITIAL 65536 NEXT 1048576 MINEXTENTS 1 MAXEXTENTS 2147483645
  PCTINCREASE 0 FREELISTS 1 FREELIST GROUPS 1
  BUFFER_POOL DEFAULT FLASH_CACHE DEFAULT CELL_FLASH_CACHE DEFAULT)
  TABLESPACE "USERS"  ENABLE;
  ALTER TABLE "DB"."JOBS" ADD CONSTRAINT "UNIQ_JOB_SEC" UNIQUE ("SEC_ID") DISABLE;
  ALTER TABLE "DB"."JOBS" ADD CONSTRAINT "UNIQ_JOB_NAME" UNIQUE ("NAME")
  USING INDEX PCTFREE 10 INITRANS 2 MAXTRANS 255 COMPUTE STATISTICS 
  STORAGE(INITIAL 65536 NEXT 1048576 MINEXTENTS 1 MAXEXTENTS 2147483645
  PCTINCREASE 0 FREELISTS 1 FREELIST GROUPS 1
  BUFFER_POOL DEFAULT FLASH_CACHE DEFAULT CELL_FLASH_CACHE DEFAULT)
  TABLESPACE "USERS"  ENABLE;
--------------------------------------------------------
--  Constraints for Table TOOLS
--------------------------------------------------------

  ALTER TABLE "DB"."TOOLS" MODIFY ("ID" NOT NULL ENABLE);
  ALTER TABLE "DB"."TOOLS" MODIFY ("LAB_ID" NOT NULL ENABLE);
  ALTER TABLE "DB"."TOOLS" MODIFY ("NAME" NOT NULL ENABLE);
  ALTER TABLE "DB"."TOOLS" ADD PRIMARY KEY ("ID")
  USING INDEX PCTFREE 10 INITRANS 2 MAXTRANS 255 COMPUTE STATISTICS 
  STORAGE(INITIAL 65536 NEXT 1048576 MINEXTENTS 1 MAXEXTENTS 2147483645
  PCTINCREASE 0 FREELISTS 1 FREELIST GROUPS 1
  BUFFER_POOL DEFAULT FLASH_CACHE DEFAULT CELL_FLASH_CACHE DEFAULT)
  TABLESPACE "USERS"  ENABLE;
  ALTER TABLE "DB"."TOOLS" ADD CONSTRAINT "UNIQ_TOOL_NAME" UNIQUE ("NAME")
  USING INDEX PCTFREE 10 INITRANS 2 MAXTRANS 255 COMPUTE STATISTICS 
  STORAGE(INITIAL 65536 NEXT 1048576 MINEXTENTS 1 MAXEXTENTS 2147483645
  PCTINCREASE 0 FREELISTS 1 FREELIST GROUPS 1
  BUFFER_POOL DEFAULT FLASH_CACHE DEFAULT CELL_FLASH_CACHE DEFAULT)
  TABLESPACE "USERS"  ENABLE;
--------------------------------------------------------
--  Constraints for Table WORKERS
--------------------------------------------------------

  ALTER TABLE "DB"."WORKERS" MODIFY ("ID" NOT NULL ENABLE);
  ALTER TABLE "DB"."WORKERS" MODIFY ("FIRST_NAME" NOT NULL ENABLE);
  ALTER TABLE "DB"."WORKERS" MODIFY ("LAST_NAME" NOT NULL ENABLE);
  ALTER TABLE "DB"."WORKERS" MODIFY ("PATRONYMIC" NOT NULL ENABLE);
  ALTER TABLE "DB"."WORKERS" ADD PRIMARY KEY ("ID")
  USING INDEX PCTFREE 10 INITRANS 2 MAXTRANS 255 COMPUTE STATISTICS 
  STORAGE(INITIAL 65536 NEXT 1048576 MINEXTENTS 1 MAXEXTENTS 2147483645
  PCTINCREASE 0 FREELISTS 1 FREELIST GROUPS 1
  BUFFER_POOL DEFAULT FLASH_CACHE DEFAULT CELL_FLASH_CACHE DEFAULT)
  TABLESPACE "USERS"  ENABLE;
  ALTER TABLE "DB"."WORKERS" ADD CONSTRAINT "UNIQ_NAME_WORK" UNIQUE ("FIRST_NAME", "LAST_NAME", "PATRONYMIC")
  USING INDEX PCTFREE 10 INITRANS 2 MAXTRANS 255 COMPUTE STATISTICS 
  STORAGE(INITIAL 65536 NEXT 1048576 MINEXTENTS 1 MAXEXTENTS 2147483645
  PCTINCREASE 0 FREELISTS 1 FREELIST GROUPS 1
  BUFFER_POOL DEFAULT FLASH_CACHE DEFAULT CELL_FLASH_CACHE DEFAULT)
  TABLESPACE "USERS"  ENABLE;
--------------------------------------------------------
--  Constraints for Table COLLECTORS
--------------------------------------------------------

  ALTER TABLE "DB"."COLLECTORS" MODIFY ("ID" NOT NULL ENABLE);
  ALTER TABLE "DB"."COLLECTORS" MODIFY ("WORK_EXP" NOT NULL ENABLE);
  ALTER TABLE "DB"."COLLECTORS" MODIFY ("WORK_ID" NOT NULL ENABLE);
  ALTER TABLE "DB"."COLLECTORS" ADD CHECK (work_exp>-1) ENABLE;
  ALTER TABLE "DB"."COLLECTORS" ADD PRIMARY KEY ("ID")
  USING INDEX PCTFREE 10 INITRANS 2 MAXTRANS 255 COMPUTE STATISTICS 
  STORAGE(INITIAL 65536 NEXT 1048576 MINEXTENTS 1 MAXEXTENTS 2147483645
  PCTINCREASE 0 FREELISTS 1 FREELIST GROUPS 1
  BUFFER_POOL DEFAULT FLASH_CACHE DEFAULT CELL_FLASH_CACHE DEFAULT)
  TABLESPACE "USERS"  ENABLE;
  ALTER TABLE "DB"."COLLECTORS" ADD CONSTRAINT "UNIQ_WORK_ID_COLL" UNIQUE ("WORK_ID")
  USING INDEX PCTFREE 10 INITRANS 2 MAXTRANS 255 COMPUTE STATISTICS 
  STORAGE(INITIAL 65536 NEXT 1048576 MINEXTENTS 1 MAXEXTENTS 2147483645
  PCTINCREASE 0 FREELISTS 1 FREELIST GROUPS 1
  BUFFER_POOL DEFAULT FLASH_CACHE DEFAULT CELL_FLASH_CACHE DEFAULT)
  TABLESPACE "USERS"  ENABLE;
--------------------------------------------------------
--  Constraints for Table ROCKETS
--------------------------------------------------------

  ALTER TABLE "DB"."ROCKETS" MODIFY ("ID" NOT NULL ENABLE);
  ALTER TABLE "DB"."ROCKETS" MODIFY ("POWER" NOT NULL ENABLE);
  ALTER TABLE "DB"."ROCKETS" MODIFY ("NAME" NOT NULL ENABLE);
  ALTER TABLE "DB"."ROCKETS" MODIFY ("PROD_ID" NOT NULL ENABLE);
  ALTER TABLE "DB"."ROCKETS" ADD CHECK (power>0) ENABLE;
  ALTER TABLE "DB"."ROCKETS" ADD PRIMARY KEY ("ID")
  USING INDEX PCTFREE 10 INITRANS 2 MAXTRANS 255 COMPUTE STATISTICS 
  STORAGE(INITIAL 65536 NEXT 1048576 MINEXTENTS 1 MAXEXTENTS 2147483645
  PCTINCREASE 0 FREELISTS 1 FREELIST GROUPS 1
  BUFFER_POOL DEFAULT FLASH_CACHE DEFAULT CELL_FLASH_CACHE DEFAULT)
  TABLESPACE "USERS"  ENABLE;
  ALTER TABLE "DB"."ROCKETS" ADD CONSTRAINT "UNIQ_NAME_ROCKET" UNIQUE ("NAME")
  USING INDEX PCTFREE 10 INITRANS 2 MAXTRANS 255 COMPUTE STATISTICS 
  STORAGE(INITIAL 65536 NEXT 1048576 MINEXTENTS 1 MAXEXTENTS 2147483645
  PCTINCREASE 0 FREELISTS 1 FREELIST GROUPS 1
  BUFFER_POOL DEFAULT FLASH_CACHE DEFAULT CELL_FLASH_CACHE DEFAULT)
  TABLESPACE "USERS"  ENABLE;
--------------------------------------------------------
--  Constraints for Table WORKSHOPS
--------------------------------------------------------

  ALTER TABLE "DB"."WORKSHOPS" MODIFY ("ID" NOT NULL ENABLE);
  ALTER TABLE "DB"."WORKSHOPS" MODIFY ("NAME" NOT NULL ENABLE);
  ALTER TABLE "DB"."WORKSHOPS" ADD PRIMARY KEY ("ID")
  USING INDEX PCTFREE 10 INITRANS 2 MAXTRANS 255 COMPUTE STATISTICS 
  STORAGE(INITIAL 65536 NEXT 1048576 MINEXTENTS 1 MAXEXTENTS 2147483645
  PCTINCREASE 0 FREELISTS 1 FREELIST GROUPS 1
  BUFFER_POOL DEFAULT FLASH_CACHE DEFAULT CELL_FLASH_CACHE DEFAULT)
  TABLESPACE "USERS"  ENABLE;
  ALTER TABLE "DB"."WORKSHOPS" ADD CONSTRAINT "UNIQ_TECH_ID_WS" UNIQUE ("TECH_ID")
  USING INDEX PCTFREE 10 INITRANS 2 MAXTRANS 255 COMPUTE STATISTICS 
  STORAGE(INITIAL 65536 NEXT 1048576 MINEXTENTS 1 MAXEXTENTS 2147483645
  PCTINCREASE 0 FREELISTS 1 FREELIST GROUPS 1
  BUFFER_POOL DEFAULT FLASH_CACHE DEFAULT CELL_FLASH_CACHE DEFAULT)
  TABLESPACE "USERS"  ENABLE;
  ALTER TABLE "DB"."WORKSHOPS" ADD CONSTRAINT "UNIQUE_WS_NAME" UNIQUE ("NAME")
  USING INDEX PCTFREE 10 INITRANS 2 MAXTRANS 255 COMPUTE STATISTICS 
  STORAGE(INITIAL 65536 NEXT 1048576 MINEXTENTS 1 MAXEXTENTS 2147483645
  PCTINCREASE 0 FREELISTS 1 FREELIST GROUPS 1
  BUFFER_POOL DEFAULT FLASH_CACHE DEFAULT CELL_FLASH_CACHE DEFAULT)
  TABLESPACE "USERS"  ENABLE;
--------------------------------------------------------
--  Constraints for Table TEAMS
--------------------------------------------------------

  ALTER TABLE "DB"."TEAMS" MODIFY ("ID" NOT NULL ENABLE);
  ALTER TABLE "DB"."TEAMS" MODIFY ("NAME" NOT NULL ENABLE);
  ALTER TABLE "DB"."TEAMS" ADD PRIMARY KEY ("ID")
  USING INDEX PCTFREE 10 INITRANS 2 MAXTRANS 255 COMPUTE STATISTICS 
  STORAGE(INITIAL 65536 NEXT 1048576 MINEXTENTS 1 MAXEXTENTS 2147483645
  PCTINCREASE 0 FREELISTS 1 FREELIST GROUPS 1
  BUFFER_POOL DEFAULT FLASH_CACHE DEFAULT CELL_FLASH_CACHE DEFAULT)
  TABLESPACE "USERS"  ENABLE;
  ALTER TABLE "DB"."TEAMS" ADD CONSTRAINT "UNIQUE_LEAD" UNIQUE ("LEAD_ID")
  USING INDEX PCTFREE 10 INITRANS 2 MAXTRANS 255 COMPUTE STATISTICS 
  STORAGE(INITIAL 65536 NEXT 1048576 MINEXTENTS 1 MAXEXTENTS 2147483645
  PCTINCREASE 0 FREELISTS 1 FREELIST GROUPS 1
  BUFFER_POOL DEFAULT FLASH_CACHE DEFAULT CELL_FLASH_CACHE DEFAULT)
  TABLESPACE "USERS"  ENABLE;
  ALTER TABLE "DB"."TEAMS" ADD CONSTRAINT "UNIQUE_NAME_TEAM" UNIQUE ("NAME")
  USING INDEX PCTFREE 10 INITRANS 2 MAXTRANS 255 COMPUTE STATISTICS 
  STORAGE(INITIAL 65536 NEXT 1048576 MINEXTENTS 1 MAXEXTENTS 2147483645
  PCTINCREASE 0 FREELISTS 1 FREELIST GROUPS 1
  BUFFER_POOL DEFAULT FLASH_CACHE DEFAULT CELL_FLASH_CACHE DEFAULT)
  TABLESPACE "USERS"  ENABLE;
--------------------------------------------------------
--  Constraints for Table PRODUCTS
--------------------------------------------------------

  ALTER TABLE "DB"."PRODUCTS" MODIFY ("ID" NOT NULL ENABLE);
  ALTER TABLE "DB"."PRODUCTS" ADD PRIMARY KEY ("ID")
  USING INDEX PCTFREE 10 INITRANS 2 MAXTRANS 255 COMPUTE STATISTICS 
  STORAGE(INITIAL 65536 NEXT 1048576 MINEXTENTS 1 MAXEXTENTS 2147483645
  PCTINCREASE 0 FREELISTS 1 FREELIST GROUPS 1
  BUFFER_POOL DEFAULT FLASH_CACHE DEFAULT CELL_FLASH_CACHE DEFAULT)
  TABLESPACE "USERS"  ENABLE;
--------------------------------------------------------
--  Constraints for Table LABORATORIES
--------------------------------------------------------

  ALTER TABLE "DB"."LABORATORIES" MODIFY ("ID" NOT NULL ENABLE);
  ALTER TABLE "DB"."LABORATORIES" MODIFY ("NAME" NOT NULL ENABLE);
  ALTER TABLE "DB"."LABORATORIES" ADD PRIMARY KEY ("ID")
  USING INDEX PCTFREE 10 INITRANS 2 MAXTRANS 255 COMPUTE STATISTICS 
  STORAGE(INITIAL 65536 NEXT 1048576 MINEXTENTS 1 MAXEXTENTS 2147483645
  PCTINCREASE 0 FREELISTS 1 FREELIST GROUPS 1
  BUFFER_POOL DEFAULT FLASH_CACHE DEFAULT CELL_FLASH_CACHE DEFAULT)
  TABLESPACE "USERS"  ENABLE;
  ALTER TABLE "DB"."LABORATORIES" ADD CONSTRAINT "UNIQ_LAB_NAME" UNIQUE ("NAME")
  USING INDEX PCTFREE 10 INITRANS 2 MAXTRANS 255 COMPUTE STATISTICS 
  STORAGE(INITIAL 65536 NEXT 1048576 MINEXTENTS 1 MAXEXTENTS 2147483645
  PCTINCREASE 0 FREELISTS 1 FREELIST GROUPS 1
  BUFFER_POOL DEFAULT FLASH_CACHE DEFAULT CELL_FLASH_CACHE DEFAULT)
  TABLESPACE "USERS"  ENABLE;
--------------------------------------------------------
--  Constraints for Table TURNERS
--------------------------------------------------------

  ALTER TABLE "DB"."TURNERS" MODIFY ("ID" NOT NULL ENABLE);
  ALTER TABLE "DB"."TURNERS" MODIFY ("WORK_ID" NOT NULL ENABLE);
  ALTER TABLE "DB"."TURNERS" ADD CHECK (amount_fingers>0) ENABLE;
  ALTER TABLE "DB"."TURNERS" ADD PRIMARY KEY ("ID")
  USING INDEX PCTFREE 10 INITRANS 2 MAXTRANS 255 COMPUTE STATISTICS 
  STORAGE(INITIAL 65536 NEXT 1048576 MINEXTENTS 1 MAXEXTENTS 2147483645
  PCTINCREASE 0 FREELISTS 1 FREELIST GROUPS 1
  BUFFER_POOL DEFAULT FLASH_CACHE DEFAULT CELL_FLASH_CACHE DEFAULT)
  TABLESPACE "USERS"  ENABLE;
  ALTER TABLE "DB"."TURNERS" ADD CONSTRAINT "UNIQ_WORK_ID_TURN" UNIQUE ("WORK_ID")
  USING INDEX PCTFREE 10 INITRANS 2 MAXTRANS 255 COMPUTE STATISTICS 
  STORAGE(INITIAL 65536 NEXT 1048576 MINEXTENTS 1 MAXEXTENTS 2147483645
  PCTINCREASE 0 FREELISTS 1 FREELIST GROUPS 1
  BUFFER_POOL DEFAULT FLASH_CACHE DEFAULT CELL_FLASH_CACHE DEFAULT)
  TABLESPACE "USERS"  ENABLE;
--------------------------------------------------------
--  Constraints for Table ACCOUNTS
--------------------------------------------------------

  ALTER TABLE "DB"."ACCOUNTS" MODIFY ("ID" NOT NULL ENABLE);
  ALTER TABLE "DB"."ACCOUNTS" ADD PRIMARY KEY ("ID")
  USING INDEX PCTFREE 10 INITRANS 2 MAXTRANS 255 COMPUTE STATISTICS 
  STORAGE(INITIAL 65536 NEXT 1048576 MINEXTENTS 1 MAXEXTENTS 2147483645
  PCTINCREASE 0 FREELISTS 1 FREELIST GROUPS 1
  BUFFER_POOL DEFAULT FLASH_CACHE DEFAULT CELL_FLASH_CACHE DEFAULT)
  TABLESPACE "USERS"  ENABLE;
  ALTER TABLE "DB"."ACCOUNTS" ADD CONSTRAINT "UNIQUE_ACC" UNIQUE ("LOGIN", "PAS")
  USING INDEX PCTFREE 10 INITRANS 2 MAXTRANS 255 COMPUTE STATISTICS 
  STORAGE(INITIAL 65536 NEXT 1048576 MINEXTENTS 1 MAXEXTENTS 2147483645
  PCTINCREASE 0 FREELISTS 1 FREELIST GROUPS 1
  BUFFER_POOL DEFAULT FLASH_CACHE DEFAULT CELL_FLASH_CACHE DEFAULT)
  TABLESPACE "USERS"  ENABLE;
--------------------------------------------------------
--  Constraints for Table EXP_TOOLS
--------------------------------------------------------

  ALTER TABLE "DB"."EXP_TOOLS" MODIFY ("ID" NOT NULL ENABLE);
  ALTER TABLE "DB"."EXP_TOOLS" MODIFY ("EXP_ID" NOT NULL ENABLE);
  ALTER TABLE "DB"."EXP_TOOLS" MODIFY ("TOOL_ID" NOT NULL ENABLE);
  ALTER TABLE "DB"."EXP_TOOLS" ADD PRIMARY KEY ("ID")
  USING INDEX PCTFREE 10 INITRANS 2 MAXTRANS 255 COMPUTE STATISTICS 
  STORAGE(INITIAL 65536 NEXT 1048576 MINEXTENTS 1 MAXEXTENTS 2147483645
  PCTINCREASE 0 FREELISTS 1 FREELIST GROUPS 1
  BUFFER_POOL DEFAULT FLASH_CACHE DEFAULT CELL_FLASH_CACHE DEFAULT)
  TABLESPACE "USERS"  ENABLE;
  ALTER TABLE "DB"."EXP_TOOLS" ADD CONSTRAINT "UNIQUE_EXP_TOOL" UNIQUE ("EXP_ID", "TOOL_ID")
  USING INDEX PCTFREE 10 INITRANS 2 MAXTRANS 255 COMPUTE STATISTICS 
  STORAGE(INITIAL 65536 NEXT 1048576 MINEXTENTS 1 MAXEXTENTS 2147483645
  PCTINCREASE 0 FREELISTS 1 FREELIST GROUPS 1
  BUFFER_POOL DEFAULT FLASH_CACHE DEFAULT CELL_FLASH_CACHE DEFAULT)
  TABLESPACE "USERS"  ENABLE;
--------------------------------------------------------
--  Constraints for Table HANG_GLIDERS
--------------------------------------------------------

  ALTER TABLE "DB"."HANG_GLIDERS" MODIFY ("ID" NOT NULL ENABLE);
  ALTER TABLE "DB"."HANG_GLIDERS" MODIFY ("AERO_QUAL" NOT NULL ENABLE);
  ALTER TABLE "DB"."HANG_GLIDERS" MODIFY ("NAME" NOT NULL ENABLE);
  ALTER TABLE "DB"."HANG_GLIDERS" MODIFY ("PROD_ID" NOT NULL ENABLE);
  ALTER TABLE "DB"."HANG_GLIDERS" ADD CHECK (aero_qual>0) ENABLE;
  ALTER TABLE "DB"."HANG_GLIDERS" ADD PRIMARY KEY ("ID")
  USING INDEX PCTFREE 10 INITRANS 2 MAXTRANS 255 COMPUTE STATISTICS 
  STORAGE(INITIAL 65536 NEXT 1048576 MINEXTENTS 1 MAXEXTENTS 2147483645
  PCTINCREASE 0 FREELISTS 1 FREELIST GROUPS 1
  BUFFER_POOL DEFAULT FLASH_CACHE DEFAULT CELL_FLASH_CACHE DEFAULT)
  TABLESPACE "USERS"  ENABLE;
  ALTER TABLE "DB"."HANG_GLIDERS" ADD CONSTRAINT "UNIQ_NAME_HG" UNIQUE ("NAME")
  USING INDEX PCTFREE 10 INITRANS 2 MAXTRANS 255 COMPUTE STATISTICS 
  STORAGE(INITIAL 65536 NEXT 1048576 MINEXTENTS 1 MAXEXTENTS 2147483645
  PCTINCREASE 0 FREELISTS 1 FREELIST GROUPS 1
  BUFFER_POOL DEFAULT FLASH_CACHE DEFAULT CELL_FLASH_CACHE DEFAULT)
  TABLESPACE "USERS"  ENABLE;
--------------------------------------------------------
--  Constraints for Table MASTERS
--------------------------------------------------------

  ALTER TABLE "DB"."MASTERS" MODIFY ("ID" NOT NULL ENABLE);
  ALTER TABLE "DB"."MASTERS" MODIFY ("TECH_ID" NOT NULL ENABLE);
  ALTER TABLE "DB"."MASTERS" ADD PRIMARY KEY ("ID")
  USING INDEX PCTFREE 10 INITRANS 2 MAXTRANS 255 COMPUTE STATISTICS 
  STORAGE(INITIAL 65536 NEXT 1048576 MINEXTENTS 1 MAXEXTENTS 2147483645
  PCTINCREASE 0 FREELISTS 1 FREELIST GROUPS 1
  BUFFER_POOL DEFAULT FLASH_CACHE DEFAULT CELL_FLASH_CACHE DEFAULT)
  TABLESPACE "USERS"  ENABLE;
  ALTER TABLE "DB"."MASTERS" ADD CONSTRAINT "UNIQ_TECH_ID_MASTERS" UNIQUE ("TECH_ID")
  USING INDEX PCTFREE 10 INITRANS 2 MAXTRANS 255 COMPUTE STATISTICS 
  STORAGE(INITIAL 65536 NEXT 1048576 MINEXTENTS 1 MAXEXTENTS 2147483645
  PCTINCREASE 0 FREELISTS 1 FREELIST GROUPS 1
  BUFFER_POOL DEFAULT FLASH_CACHE DEFAULT CELL_FLASH_CACHE DEFAULT)
  TABLESPACE "USERS"  ENABLE;
--------------------------------------------------------
--  Constraints for Table OTHER_WORKERS
--------------------------------------------------------

  ALTER TABLE "DB"."OTHER_WORKERS" MODIFY ("ID" NOT NULL ENABLE);
  ALTER TABLE "DB"."OTHER_WORKERS" MODIFY ("NAME_PROF" NOT NULL ENABLE);
  ALTER TABLE "DB"."OTHER_WORKERS" MODIFY ("WORK_ID" NOT NULL ENABLE);
  ALTER TABLE "DB"."OTHER_WORKERS" ADD PRIMARY KEY ("ID")
  USING INDEX PCTFREE 10 INITRANS 2 MAXTRANS 255 COMPUTE STATISTICS 
  STORAGE(INITIAL 65536 NEXT 1048576 MINEXTENTS 1 MAXEXTENTS 2147483645
  PCTINCREASE 0 FREELISTS 1 FREELIST GROUPS 1
  BUFFER_POOL DEFAULT FLASH_CACHE DEFAULT CELL_FLASH_CACHE DEFAULT)
  TABLESPACE "USERS"  ENABLE;
  ALTER TABLE "DB"."OTHER_WORKERS" ADD CONSTRAINT "UNIQ_WORK_ID_OWORK" UNIQUE ("WORK_ID")
  USING INDEX PCTFREE 10 INITRANS 2 MAXTRANS 255 COMPUTE STATISTICS 
  STORAGE(INITIAL 65536 NEXT 1048576 MINEXTENTS 1 MAXEXTENTS 2147483645
  PCTINCREASE 0 FREELISTS 1 FREELIST GROUPS 1
  BUFFER_POOL DEFAULT FLASH_CACHE DEFAULT CELL_FLASH_CACHE DEFAULT)
  TABLESPACE "USERS"  ENABLE;
--------------------------------------------------------
--  Constraints for Table TECHNICS
--------------------------------------------------------

  ALTER TABLE "DB"."TECHNICS" MODIFY ("ID" NOT NULL ENABLE);
  ALTER TABLE "DB"."TECHNICS" MODIFY ("FIRST_NAME" NOT NULL ENABLE);
  ALTER TABLE "DB"."TECHNICS" MODIFY ("LAST_NAME" NOT NULL ENABLE);
  ALTER TABLE "DB"."TECHNICS" MODIFY ("PATRONYMIC" NOT NULL ENABLE);
  ALTER TABLE "DB"."TECHNICS" ADD PRIMARY KEY ("ID")
  USING INDEX PCTFREE 10 INITRANS 2 MAXTRANS 255 COMPUTE STATISTICS 
  STORAGE(INITIAL 65536 NEXT 1048576 MINEXTENTS 1 MAXEXTENTS 2147483645
  PCTINCREASE 0 FREELISTS 1 FREELIST GROUPS 1
  BUFFER_POOL DEFAULT FLASH_CACHE DEFAULT CELL_FLASH_CACHE DEFAULT)
  TABLESPACE "USERS"  ENABLE;
  ALTER TABLE "DB"."TECHNICS" ADD CONSTRAINT "UNIQ_NAME_TECHS" UNIQUE ("FIRST_NAME", "LAST_NAME", "PATRONYMIC")
  USING INDEX PCTFREE 10 INITRANS 2 MAXTRANS 255 COMPUTE STATISTICS 
  STORAGE(INITIAL 65536 NEXT 1048576 MINEXTENTS 1 MAXEXTENTS 2147483645
  PCTINCREASE 0 FREELISTS 1 FREELIST GROUPS 1
  BUFFER_POOL DEFAULT FLASH_CACHE DEFAULT CELL_FLASH_CACHE DEFAULT)
  TABLESPACE "USERS"  ENABLE;
--------------------------------------------------------
--  Constraints for Table PRODUCTS_JOBS
--------------------------------------------------------

  ALTER TABLE "DB"."PRODUCTS_JOBS" MODIFY ("ID" NOT NULL ENABLE);
  ALTER TABLE "DB"."PRODUCTS_JOBS" MODIFY ("JOB_ID" NOT NULL ENABLE);
  ALTER TABLE "DB"."PRODUCTS_JOBS" MODIFY ("ORDER_NUM" NOT NULL ENABLE);
  ALTER TABLE "DB"."PRODUCTS_JOBS" MODIFY ("PROD_ID" NOT NULL ENABLE);
  ALTER TABLE "DB"."PRODUCTS_JOBS" MODIFY ("TEAM_ID" NOT NULL ENABLE);
  ALTER TABLE "DB"."PRODUCTS_JOBS" ADD CHECK (order_num>0) ENABLE;
  ALTER TABLE "DB"."PRODUCTS_JOBS" ADD CONSTRAINT "CHECK_TIME_JOB" CHECK (time_end>=time_begin) ENABLE;
  ALTER TABLE "DB"."PRODUCTS_JOBS" MODIFY ("TIME_BEGIN" NOT NULL ENABLE);
  ALTER TABLE "DB"."PRODUCTS_JOBS" ADD CONSTRAINT "UNIQUE_PROD_JOB" UNIQUE ("PROD_ID", "JOB_ID")
  USING INDEX PCTFREE 10 INITRANS 2 MAXTRANS 255 COMPUTE STATISTICS 
  STORAGE(INITIAL 65536 NEXT 1048576 MINEXTENTS 1 MAXEXTENTS 2147483645
  PCTINCREASE 0 FREELISTS 1 FREELIST GROUPS 1
  BUFFER_POOL DEFAULT FLASH_CACHE DEFAULT CELL_FLASH_CACHE DEFAULT)
  TABLESPACE "USERS"  ENABLE;
  ALTER TABLE "DB"."PRODUCTS_JOBS" ADD CONSTRAINT "UNIQUE_ORDER_JOB" UNIQUE ("PROD_ID", "ORDER_NUM")
  USING INDEX PCTFREE 10 INITRANS 2 MAXTRANS 255 COMPUTE STATISTICS 
  STORAGE(INITIAL 65536 NEXT 1048576 MINEXTENTS 1 MAXEXTENTS 2147483645
  PCTINCREASE 0 FREELISTS 1 FREELIST GROUPS 1
  BUFFER_POOL DEFAULT FLASH_CACHE DEFAULT CELL_FLASH_CACHE DEFAULT)
  TABLESPACE "USERS"  ENABLE;
  ALTER TABLE "DB"."PRODUCTS_JOBS" MODIFY ("TIME_END" NOT NULL ENABLE);
  ALTER TABLE "DB"."PRODUCTS_JOBS" ADD CONSTRAINT "SYS_C008772" PRIMARY KEY ("ID", "JOB_ID", "ORDER_NUM", "PROD_ID", "TIME_BEGIN", "TIME_END", "TEAM_ID")
  USING INDEX PCTFREE 10 INITRANS 2 MAXTRANS 255 COMPUTE STATISTICS 
  STORAGE(INITIAL 65536 NEXT 1048576 MINEXTENTS 1 MAXEXTENTS 2147483645
  PCTINCREASE 0 FREELISTS 1 FREELIST GROUPS 1
  BUFFER_POOL DEFAULT FLASH_CACHE DEFAULT CELL_FLASH_CACHE DEFAULT)
  TABLESPACE "USERS"  ENABLE;
--------------------------------------------------------
--  Constraints for Table TECHNOLOGISTS
--------------------------------------------------------

  ALTER TABLE "DB"."TECHNOLOGISTS" MODIFY ("ID" NOT NULL ENABLE);
  ALTER TABLE "DB"."TECHNOLOGISTS" MODIFY ("TECHNOLOGY_DEV" NOT NULL ENABLE);
  ALTER TABLE "DB"."TECHNOLOGISTS" MODIFY ("TECH_ID" NOT NULL ENABLE);
  ALTER TABLE "DB"."TECHNOLOGISTS" ADD PRIMARY KEY ("ID")
  USING INDEX PCTFREE 10 INITRANS 2 MAXTRANS 255 COMPUTE STATISTICS 
  STORAGE(INITIAL 65536 NEXT 1048576 MINEXTENTS 1 MAXEXTENTS 2147483645
  PCTINCREASE 0 FREELISTS 1 FREELIST GROUPS 1
  BUFFER_POOL DEFAULT FLASH_CACHE DEFAULT CELL_FLASH_CACHE DEFAULT)
  TABLESPACE "USERS"  ENABLE;
  ALTER TABLE "DB"."TECHNOLOGISTS" ADD CONSTRAINT "UNIQ_TECH_ID_TECHNOLOGISTS" UNIQUE ("TECH_ID")
  USING INDEX PCTFREE 10 INITRANS 2 MAXTRANS 255 COMPUTE STATISTICS 
  STORAGE(INITIAL 65536 NEXT 1048576 MINEXTENTS 1 MAXEXTENTS 2147483645
  PCTINCREASE 0 FREELISTS 1 FREELIST GROUPS 1
  BUFFER_POOL DEFAULT FLASH_CACHE DEFAULT CELL_FLASH_CACHE DEFAULT)
  TABLESPACE "USERS"  ENABLE;
--------------------------------------------------------
--  Constraints for Table EXPERIMENTS
--------------------------------------------------------

  ALTER TABLE "DB"."EXPERIMENTS" MODIFY ("ID" NOT NULL ENABLE);
  ALTER TABLE "DB"."EXPERIMENTS" MODIFY ("NAME" NOT NULL ENABLE);
  ALTER TABLE "DB"."EXPERIMENTS" ADD PRIMARY KEY ("ID")
  USING INDEX PCTFREE 10 INITRANS 2 MAXTRANS 255 COMPUTE STATISTICS 
  STORAGE(INITIAL 65536 NEXT 1048576 MINEXTENTS 1 MAXEXTENTS 2147483645
  PCTINCREASE 0 FREELISTS 1 FREELIST GROUPS 1
  BUFFER_POOL DEFAULT FLASH_CACHE DEFAULT CELL_FLASH_CACHE DEFAULT)
  TABLESPACE "USERS"  ENABLE;
  ALTER TABLE "DB"."EXPERIMENTS" ADD CONSTRAINT "UNIQ_EXP_NAME" UNIQUE ("NAME")
  USING INDEX PCTFREE 10 INITRANS 2 MAXTRANS 255 COMPUTE STATISTICS 
  STORAGE(INITIAL 65536 NEXT 1048576 MINEXTENTS 1 MAXEXTENTS 2147483645
  PCTINCREASE 0 FREELISTS 1 FREELIST GROUPS 1
  BUFFER_POOL DEFAULT FLASH_CACHE DEFAULT CELL_FLASH_CACHE DEFAULT)
  TABLESPACE "USERS"  ENABLE;
--------------------------------------------------------
--  Constraints for Table FITTERS
--------------------------------------------------------

  ALTER TABLE "DB"."FITTERS" MODIFY ("ID" NOT NULL ENABLE);
  ALTER TABLE "DB"."FITTERS" MODIFY ("CATEGORY" NOT NULL ENABLE);
  ALTER TABLE "DB"."FITTERS" MODIFY ("WORK_ID" NOT NULL ENABLE);
  ALTER TABLE "DB"."FITTERS" ADD CHECK (category>0) ENABLE;
  ALTER TABLE "DB"."FITTERS" ADD PRIMARY KEY ("ID")
  USING INDEX PCTFREE 10 INITRANS 2 MAXTRANS 255 COMPUTE STATISTICS 
  STORAGE(INITIAL 65536 NEXT 1048576 MINEXTENTS 1 MAXEXTENTS 2147483645
  PCTINCREASE 0 FREELISTS 1 FREELIST GROUPS 1
  BUFFER_POOL DEFAULT FLASH_CACHE DEFAULT CELL_FLASH_CACHE DEFAULT)
  TABLESPACE "USERS"  ENABLE;
  ALTER TABLE "DB"."FITTERS" ADD CONSTRAINT "UNIQ_WORK_ID_FITT" UNIQUE ("WORK_ID")
  USING INDEX PCTFREE 10 INITRANS 2 MAXTRANS 255 COMPUTE STATISTICS 
  STORAGE(INITIAL 65536 NEXT 1048576 MINEXTENTS 1 MAXEXTENTS 2147483645
  PCTINCREASE 0 FREELISTS 1 FREELIST GROUPS 1
  BUFFER_POOL DEFAULT FLASH_CACHE DEFAULT CELL_FLASH_CACHE DEFAULT)
  TABLESPACE "USERS"  ENABLE;
--------------------------------------------------------
--  Constraints for Table HELICOPTERS
--------------------------------------------------------

  ALTER TABLE "DB"."HELICOPTERS" MODIFY ("ID" NOT NULL ENABLE);
  ALTER TABLE "DB"."HELICOPTERS" MODIFY ("SPEED" NOT NULL ENABLE);
  ALTER TABLE "DB"."HELICOPTERS" MODIFY ("NAME" NOT NULL ENABLE);
  ALTER TABLE "DB"."HELICOPTERS" MODIFY ("PROD_ID" NOT NULL ENABLE);
  ALTER TABLE "DB"."HELICOPTERS" ADD CHECK (speed>0) ENABLE;
  ALTER TABLE "DB"."HELICOPTERS" ADD PRIMARY KEY ("ID")
  USING INDEX PCTFREE 10 INITRANS 2 MAXTRANS 255 COMPUTE STATISTICS 
  STORAGE(INITIAL 65536 NEXT 1048576 MINEXTENTS 1 MAXEXTENTS 2147483645
  PCTINCREASE 0 FREELISTS 1 FREELIST GROUPS 1
  BUFFER_POOL DEFAULT FLASH_CACHE DEFAULT CELL_FLASH_CACHE DEFAULT)
  TABLESPACE "USERS"  ENABLE;
  ALTER TABLE "DB"."HELICOPTERS" ADD CONSTRAINT "UNIQ_NAME_HELI" UNIQUE ("NAME")
  USING INDEX PCTFREE 10 INITRANS 2 MAXTRANS 255 COMPUTE STATISTICS 
  STORAGE(INITIAL 65536 NEXT 1048576 MINEXTENTS 1 MAXEXTENTS 2147483645
  PCTINCREASE 0 FREELISTS 1 FREELIST GROUPS 1
  BUFFER_POOL DEFAULT FLASH_CACHE DEFAULT CELL_FLASH_CACHE DEFAULT)
  TABLESPACE "USERS"  ENABLE;
--------------------------------------------------------
--  Constraints for Table LAB_SUP_WS
--------------------------------------------------------

  ALTER TABLE "DB"."LAB_SUP_WS" MODIFY ("ID" NOT NULL ENABLE);
  ALTER TABLE "DB"."LAB_SUP_WS" MODIFY ("LAB_ID" NOT NULL ENABLE);
  ALTER TABLE "DB"."LAB_SUP_WS" MODIFY ("WS_ID" NOT NULL ENABLE);
  ALTER TABLE "DB"."LAB_SUP_WS" ADD CONSTRAINT "UNIQUE_LAB_WS" UNIQUE ("LAB_ID", "WS_ID")
  USING INDEX PCTFREE 10 INITRANS 2 MAXTRANS 255 COMPUTE STATISTICS 
  STORAGE(INITIAL 65536 NEXT 1048576 MINEXTENTS 1 MAXEXTENTS 2147483645
  PCTINCREASE 0 FREELISTS 1 FREELIST GROUPS 1
  BUFFER_POOL DEFAULT FLASH_CACHE DEFAULT CELL_FLASH_CACHE DEFAULT)
  TABLESPACE "USERS"  ENABLE;
--------------------------------------------------------
--  Constraints for Table INVESTIGATORS
--------------------------------------------------------

  ALTER TABLE "DB"."INVESTIGATORS" MODIFY ("ID" NOT NULL ENABLE);
  ALTER TABLE "DB"."INVESTIGATORS" MODIFY ("FIRST_NAME" NOT NULL ENABLE);
  ALTER TABLE "DB"."INVESTIGATORS" MODIFY ("LAST_NAME" NOT NULL ENABLE);
  ALTER TABLE "DB"."INVESTIGATORS" MODIFY ("PATRONYMIC" NOT NULL ENABLE);
  ALTER TABLE "DB"."INVESTIGATORS" ADD PRIMARY KEY ("ID")
  USING INDEX PCTFREE 10 INITRANS 2 MAXTRANS 255 COMPUTE STATISTICS 
  STORAGE(INITIAL 65536 NEXT 1048576 MINEXTENTS 1 MAXEXTENTS 2147483645
  PCTINCREASE 0 FREELISTS 1 FREELIST GROUPS 1
  BUFFER_POOL DEFAULT FLASH_CACHE DEFAULT CELL_FLASH_CACHE DEFAULT)
  TABLESPACE "USERS"  ENABLE;
  ALTER TABLE "DB"."INVESTIGATORS" ADD CONSTRAINT "UNIQ_NAME_INV" UNIQUE ("FIRST_NAME", "LAST_NAME", "PATRONYMIC")
  USING INDEX PCTFREE 10 INITRANS 2 MAXTRANS 255 COMPUTE STATISTICS 
  STORAGE(INITIAL 65536 NEXT 1048576 MINEXTENTS 1 MAXEXTENTS 2147483645
  PCTINCREASE 0 FREELISTS 1 FREELIST GROUPS 1
  BUFFER_POOL DEFAULT FLASH_CACHE DEFAULT CELL_FLASH_CACHE DEFAULT)
  TABLESPACE "USERS"  ENABLE;
--------------------------------------------------------
--  Constraints for Table PLANES
--------------------------------------------------------

  ALTER TABLE "DB"."PLANES" MODIFY ("ID" NOT NULL ENABLE);
  ALTER TABLE "DB"."PLANES" MODIFY ("COUNT_ENGINES" NOT NULL ENABLE);
  ALTER TABLE "DB"."PLANES" MODIFY ("NAME" NOT NULL ENABLE);
  ALTER TABLE "DB"."PLANES" MODIFY ("PROD_ID" NOT NULL ENABLE);
  ALTER TABLE "DB"."PLANES" ADD CHECK (count_engines>0) ENABLE;
  ALTER TABLE "DB"."PLANES" ADD PRIMARY KEY ("ID")
  USING INDEX PCTFREE 10 INITRANS 2 MAXTRANS 255 COMPUTE STATISTICS 
  STORAGE(INITIAL 65536 NEXT 1048576 MINEXTENTS 1 MAXEXTENTS 2147483645
  PCTINCREASE 0 FREELISTS 1 FREELIST GROUPS 1
  BUFFER_POOL DEFAULT FLASH_CACHE DEFAULT CELL_FLASH_CACHE DEFAULT)
  TABLESPACE "USERS"  ENABLE;
  ALTER TABLE "DB"."PLANES" ADD CONSTRAINT "UNIQ_NAME_PLANE" UNIQUE ("NAME")
  USING INDEX PCTFREE 10 INITRANS 2 MAXTRANS 255 COMPUTE STATISTICS 
  STORAGE(INITIAL 65536 NEXT 1048576 MINEXTENTS 1 MAXEXTENTS 2147483645
  PCTINCREASE 0 FREELISTS 1 FREELIST GROUPS 1
  BUFFER_POOL DEFAULT FLASH_CACHE DEFAULT CELL_FLASH_CACHE DEFAULT)
  TABLESPACE "USERS"  ENABLE;
--------------------------------------------------------
--  Constraints for Table PRODUCTS_EXPS
--------------------------------------------------------

  ALTER TABLE "DB"."PRODUCTS_EXPS" MODIFY ("ID" NOT NULL ENABLE);
  ALTER TABLE "DB"."PRODUCTS_EXPS" MODIFY ("EXP_ID" NOT NULL ENABLE);
  ALTER TABLE "DB"."PRODUCTS_EXPS" MODIFY ("ORDER_NUM" NOT NULL ENABLE);
  ALTER TABLE "DB"."PRODUCTS_EXPS" MODIFY ("PROD_ID" NOT NULL ENABLE);
  ALTER TABLE "DB"."PRODUCTS_EXPS" ADD CHECK (order_num>0) ENABLE;
  ALTER TABLE "DB"."PRODUCTS_EXPS" ADD CONSTRAINT "CHECK_TIME_EXP" CHECK (time_end>=time_begin) ENABLE;
  ALTER TABLE "DB"."PRODUCTS_EXPS" MODIFY ("TIME_BEGIN" NOT NULL ENABLE);
  ALTER TABLE "DB"."PRODUCTS_EXPS" ADD CONSTRAINT "UNIQUE_PROD_EXP" UNIQUE ("PROD_ID", "EXP_ID")
  USING INDEX PCTFREE 10 INITRANS 2 MAXTRANS 255 COMPUTE STATISTICS 
  STORAGE(INITIAL 65536 NEXT 1048576 MINEXTENTS 1 MAXEXTENTS 2147483645
  PCTINCREASE 0 FREELISTS 1 FREELIST GROUPS 1
  BUFFER_POOL DEFAULT FLASH_CACHE DEFAULT CELL_FLASH_CACHE DEFAULT)
  TABLESPACE "USERS"  ENABLE;
  ALTER TABLE "DB"."PRODUCTS_EXPS" ADD CONSTRAINT "UNIQUE_ORDER_EXP" UNIQUE ("PROD_ID", "ORDER_NUM")
  USING INDEX PCTFREE 10 INITRANS 2 MAXTRANS 255 COMPUTE STATISTICS 
  STORAGE(INITIAL 65536 NEXT 1048576 MINEXTENTS 1 MAXEXTENTS 2147483645
  PCTINCREASE 0 FREELISTS 1 FREELIST GROUPS 1
  BUFFER_POOL DEFAULT FLASH_CACHE DEFAULT CELL_FLASH_CACHE DEFAULT)
  TABLESPACE "USERS"  ENABLE;
  ALTER TABLE "DB"."PRODUCTS_EXPS" MODIFY ("TIME_END" NOT NULL ENABLE);
  ALTER TABLE "DB"."PRODUCTS_EXPS" ADD CONSTRAINT "SYS_C008805" PRIMARY KEY ("ID", "EXP_ID", "ORDER_NUM", "PROD_ID", "TIME_BEGIN", "TIME_END")
  USING INDEX PCTFREE 10 INITRANS 2 MAXTRANS 255 COMPUTE STATISTICS 
  STORAGE(INITIAL 65536 NEXT 1048576 MINEXTENTS 1 MAXEXTENTS 2147483645
  PCTINCREASE 0 FREELISTS 1 FREELIST GROUPS 1
  BUFFER_POOL DEFAULT FLASH_CACHE DEFAULT CELL_FLASH_CACHE DEFAULT)
  TABLESPACE "USERS"  ENABLE;
--------------------------------------------------------
--  Ref Constraints for Table COLLECTORS
--------------------------------------------------------

  ALTER TABLE "DB"."COLLECTORS" ADD CONSTRAINT "FK_COL" FOREIGN KEY ("WORK_ID")
	  REFERENCES "DB"."WORKERS" ("ID") ON DELETE CASCADE ENABLE;
--------------------------------------------------------
--  Ref Constraints for Table ENGINEERS
--------------------------------------------------------

  ALTER TABLE "DB"."ENGINEERS" ADD CONSTRAINT "FK_ENG" FOREIGN KEY ("TECH_ID")
	  REFERENCES "DB"."TECHNICS" ("ID") ON DELETE CASCADE ENABLE;
--------------------------------------------------------
--  Ref Constraints for Table EXP_TOOLS
--------------------------------------------------------

  ALTER TABLE "DB"."EXP_TOOLS" ADD CONSTRAINT "FK_EXP_TOOLS_EXP" FOREIGN KEY ("EXP_ID")
	  REFERENCES "DB"."EXPERIMENTS" ("ID") ON DELETE CASCADE ENABLE;
  ALTER TABLE "DB"."EXP_TOOLS" ADD CONSTRAINT "FK_EXP_TOOLS" FOREIGN KEY ("TOOL_ID")
	  REFERENCES "DB"."TOOLS" ("ID") ON DELETE CASCADE ENABLE;
--------------------------------------------------------
--  Ref Constraints for Table FITTERS
--------------------------------------------------------

  ALTER TABLE "DB"."FITTERS" ADD CONSTRAINT "FK_FITT" FOREIGN KEY ("WORK_ID")
	  REFERENCES "DB"."WORKERS" ("ID") ON DELETE CASCADE ENABLE;
--------------------------------------------------------
--  Ref Constraints for Table GLIDERS
--------------------------------------------------------

  ALTER TABLE "DB"."GLIDERS" ADD CONSTRAINT "FK_GLID" FOREIGN KEY ("PROD_ID")
	  REFERENCES "DB"."PRODUCTS" ("ID") ON DELETE CASCADE ENABLE;
--------------------------------------------------------
--  Ref Constraints for Table HANG_GLIDERS
--------------------------------------------------------

  ALTER TABLE "DB"."HANG_GLIDERS" ADD CONSTRAINT "FK_HG" FOREIGN KEY ("PROD_ID")
	  REFERENCES "DB"."PRODUCTS" ("ID") ON DELETE CASCADE ENABLE;
--------------------------------------------------------
--  Ref Constraints for Table HELICOPTERS
--------------------------------------------------------

  ALTER TABLE "DB"."HELICOPTERS" ADD CONSTRAINT "FK_HELI" FOREIGN KEY ("PROD_ID")
	  REFERENCES "DB"."PRODUCTS" ("ID") ON DELETE CASCADE ENABLE;
--------------------------------------------------------
--  Ref Constraints for Table INVESTIGATORS
--------------------------------------------------------

  ALTER TABLE "DB"."INVESTIGATORS" ADD CONSTRAINT "FK_INVEST" FOREIGN KEY ("EXP_ID")
	  REFERENCES "DB"."EXPERIMENTS" ("ID") ON DELETE SET NULL ENABLE;
--------------------------------------------------------
--  Ref Constraints for Table JOBS
--------------------------------------------------------

  ALTER TABLE "DB"."JOBS" ADD CONSTRAINT "FK_JOB" FOREIGN KEY ("SEC_ID")
	  REFERENCES "DB"."SECTORS" ("ID") ON DELETE CASCADE ENABLE;
--------------------------------------------------------
--  Ref Constraints for Table LAB_SUP_WS
--------------------------------------------------------

  ALTER TABLE "DB"."LAB_SUP_WS" ADD CONSTRAINT "FK_LAB_WS" FOREIGN KEY ("WS_ID")
	  REFERENCES "DB"."WORKSHOPS" ("ID") ON DELETE CASCADE ENABLE;
  ALTER TABLE "DB"."LAB_SUP_WS" ADD CONSTRAINT "FK_LAB_LAB" FOREIGN KEY ("LAB_ID")
	  REFERENCES "DB"."LABORATORIES" ("ID") ON DELETE CASCADE ENABLE;
--------------------------------------------------------
--  Ref Constraints for Table MASTERS
--------------------------------------------------------

  ALTER TABLE "DB"."MASTERS" ADD CONSTRAINT "FK_MAST" FOREIGN KEY ("TECH_ID")
	  REFERENCES "DB"."TECHNICS" ("ID") ON DELETE CASCADE ENABLE;
  ALTER TABLE "DB"."MASTERS" ADD CONSTRAINT "FK_MAST_SEC" FOREIGN KEY ("SEC_ID")
	  REFERENCES "DB"."SECTORS" ("ID") ON DELETE SET NULL ENABLE;
--------------------------------------------------------
--  Ref Constraints for Table OTHER_PRODS
--------------------------------------------------------

  ALTER TABLE "DB"."OTHER_PRODS" ADD CONSTRAINT "FK_OP" FOREIGN KEY ("PROD_ID")
	  REFERENCES "DB"."PRODUCTS" ("ID") ON DELETE CASCADE ENABLE;
--------------------------------------------------------
--  Ref Constraints for Table OTHER_WORKERS
--------------------------------------------------------

  ALTER TABLE "DB"."OTHER_WORKERS" ADD CONSTRAINT "FK_OW" FOREIGN KEY ("WORK_ID")
	  REFERENCES "DB"."WORKERS" ("ID") ON DELETE CASCADE ENABLE;
--------------------------------------------------------
--  Ref Constraints for Table PLANES
--------------------------------------------------------

  ALTER TABLE "DB"."PLANES" ADD CONSTRAINT "FK_PLANE" FOREIGN KEY ("PROD_ID")
	  REFERENCES "DB"."PRODUCTS" ("ID") ON DELETE CASCADE ENABLE;
--------------------------------------------------------
--  Ref Constraints for Table PRODUCTS_EXPS
--------------------------------------------------------

  ALTER TABLE "DB"."PRODUCTS_EXPS" ADD CONSTRAINT "FK_PRJEXP_PROD" FOREIGN KEY ("PROD_ID")
	  REFERENCES "DB"."PRODUCTS" ("ID") ON DELETE CASCADE ENABLE;
  ALTER TABLE "DB"."PRODUCTS_EXPS" ADD CONSTRAINT "FK_PR_EXP" FOREIGN KEY ("EXP_ID")
	  REFERENCES "DB"."EXPERIMENTS" ("ID") ON DELETE CASCADE ENABLE;
--------------------------------------------------------
--  Ref Constraints for Table PRODUCTS_JOBS
--------------------------------------------------------

  ALTER TABLE "DB"."PRODUCTS_JOBS" ADD CONSTRAINT "FK_PR_JOB" FOREIGN KEY ("JOB_ID")
	  REFERENCES "DB"."JOBS" ("ID") ON DELETE CASCADE ENABLE;
  ALTER TABLE "DB"."PRODUCTS_JOBS" ADD CONSTRAINT "FK_PRJOB_PROD" FOREIGN KEY ("PROD_ID")
	  REFERENCES "DB"."PRODUCTS" ("ID") ON DELETE CASCADE ENABLE;
  ALTER TABLE "DB"."PRODUCTS_JOBS" ADD CONSTRAINT "FK_TEAM_D" FOREIGN KEY ("TEAM_ID")
	  REFERENCES "DB"."TEAMS" ("ID") ON DELETE CASCADE ENABLE;
--------------------------------------------------------
--  Ref Constraints for Table ROCKETS
--------------------------------------------------------

  ALTER TABLE "DB"."ROCKETS" ADD CONSTRAINT "FK_ROCK" FOREIGN KEY ("PROD_ID")
	  REFERENCES "DB"."PRODUCTS" ("ID") ON DELETE CASCADE ENABLE;
--------------------------------------------------------
--  Ref Constraints for Table SECTORS
--------------------------------------------------------

  ALTER TABLE "DB"."SECTORS" ADD CONSTRAINT "FK_SEC" FOREIGN KEY ("TECH_ID")
	  REFERENCES "DB"."TECHNICS" ("ID") ON DELETE SET NULL ENABLE;
  ALTER TABLE "DB"."SECTORS" ADD CONSTRAINT "FK_SEC_WS" FOREIGN KEY ("WORKSHOP_ID")
	  REFERENCES "DB"."WORKSHOPS" ("ID") ON DELETE CASCADE ENABLE;
--------------------------------------------------------
--  Ref Constraints for Table TEAMS
--------------------------------------------------------

  ALTER TABLE "DB"."TEAMS" ADD CONSTRAINT "FK_TEAM_LEAD" FOREIGN KEY ("LEAD_ID")
	  REFERENCES "DB"."WORKERS" ("ID") ON DELETE SET NULL ENABLE;
--------------------------------------------------------
--  Ref Constraints for Table TECHNICIANS
--------------------------------------------------------

  ALTER TABLE "DB"."TECHNICIANS" ADD CONSTRAINT "FK_TECHNIC" FOREIGN KEY ("TECH_ID")
	  REFERENCES "DB"."TECHNICS" ("ID") ON DELETE CASCADE ENABLE;
--------------------------------------------------------
--  Ref Constraints for Table TECHNOLOGISTS
--------------------------------------------------------

  ALTER TABLE "DB"."TECHNOLOGISTS" ADD CONSTRAINT "FK_TECHNOL" FOREIGN KEY ("TECH_ID")
	  REFERENCES "DB"."TECHNICS" ("ID") ON DELETE CASCADE ENABLE;
--------------------------------------------------------
--  Ref Constraints for Table TOOLS
--------------------------------------------------------

  ALTER TABLE "DB"."TOOLS" ADD CONSTRAINT "FK_TOOLS" FOREIGN KEY ("LAB_ID")
	  REFERENCES "DB"."LABORATORIES" ("ID") ON DELETE CASCADE ENABLE;
--------------------------------------------------------
--  Ref Constraints for Table TURNERS
--------------------------------------------------------

  ALTER TABLE "DB"."TURNERS" ADD CONSTRAINT "FK_TURN" FOREIGN KEY ("WORK_ID")
	  REFERENCES "DB"."WORKERS" ("ID") ON DELETE CASCADE ENABLE;
--------------------------------------------------------
--  Ref Constraints for Table WELDERS
--------------------------------------------------------

  ALTER TABLE "DB"."WELDERS" ADD CONSTRAINT "FK_WELD" FOREIGN KEY ("WORK_ID")
	  REFERENCES "DB"."WORKERS" ("ID") ON DELETE CASCADE ENABLE;
--------------------------------------------------------
--  Ref Constraints for Table WORKERS
--------------------------------------------------------

  ALTER TABLE "DB"."WORKERS" ADD CONSTRAINT "FK_WORK_TEAM" FOREIGN KEY ("TEAM_ID")
	  REFERENCES "DB"."TEAMS" ("ID") ON DELETE SET NULL ENABLE;
--------------------------------------------------------
--  Ref Constraints for Table WORKSHOPS
--------------------------------------------------------

  ALTER TABLE "DB"."WORKSHOPS" ADD CONSTRAINT "FK_WS" FOREIGN KEY ("TECH_ID")
	  REFERENCES "DB"."TECHNICS" ("ID") ON DELETE SET NULL ENABLE;
